P1_X,P1_Y,P1_Direction,P1_Crashed,P1_ReachedGoal,P1_Score,P2_X,P2_Y,P2_Direction,P2_Crashed,P2_ReachedGoal,P2_Score,Timestamp,Elapsed_time_miliseconds,Total_Score
346,212,4,0,0,100,346,214,2,0,0,100,14:26:26,333,200
346,212,4,0,0,100,348,214,1,0,0,100,14:26:27,1207,200
346,212,4,0,0,100,348,216,2,0,0,100,14:26:27,1241,200
346,210,2,0,0,100,348,216,4,0,0,100,14:26:27,1310,200
346,208,2,0,0,100,348,216,4,0,0,100,14:26:27,1345,200
346,206,2,0,0,100,348,216,4,0,0,100,14:26:27,1379,200
346,204,2,0,0,100,348,216,4,0,0,100,14:26:27,1414,200
346,202,2,0,0,100,348,216,4,0,0,100,14:26:27,1448,200
346,200,2,0,0,100,348,216,4,0,0,100,14:26:27,1483,200
346,198,2,0,0,100,348,216,4,0,0,100,14:26:27,1517,200
346,200,3,0,0,100,348,216,4,0,0,100,14:26:27,1655,200
346,202,3,0,0,100,348,216,4,0,0,100,14:26:27,1690,200
346,204,3,0,0,100,348,216,4,0,0,100,14:26:27,1724,200
346,206,3,0,0,100,348,216,4,0,0,100,14:26:27,1759,200
346,208,3,0,0,100,348,216,4,0,0,100,14:26:27,1793,200
346,210,3,0,0,100,348,216,4,0,0,100,14:26:27,1828,200
346,212,3,0,0,100,348,216,4,0,0,100,14:26:27,1862,200
346,214,3,0,0,100,348,216,4,0,0,100,14:26:27,1897,200
346,216,3,0,0,100,348,216,4,0,0,100,14:26:27,1931,200
346,218,3,0,0,100,348,216,4,0,0,100,14:26:27,1966,200
346,220,3,0,0,100,348,216,4,0,0,100,14:26:28,2000,200
346,222,3,0,0,100,348,216,4,0,0,100,14:26:28,2036,200
346,224,3,0,0,100,348,216,4,0,0,100,14:26:28,2071,200
346,226,3,0,0,100,348,216,4,0,0,100,14:26:28,2107,200
346,228,3,0,0,100,348,216,4,0,0,100,14:26:28,2143,200
346,230,3,0,0,100,348,216,4,0,0,100,14:26:28,2179,200
346,232,3,0,0,100,348,216,4,0,0,100,14:26:28,2214,200
346,234,3,0,0,100,348,216,4,0,0,100,14:26:28,2250,200
346,236,3,0,0,100,348,216,4,0,0,100,14:26:28,2286,200
344,236,0,0,0,100,348,216,4,0,0,100,14:26:28,2321,200
342,236,0,0,0,100,348,216,4,0,0,100,14:26:28,2357,200
340,236,0,0,0,100,348,216,4,0,0,100,14:26:28,2393,200
338,236,0,0,0,100,348,216,4,0,0,100,14:26:28,2429,200
336,236,0,0,0,100,348,216,4,0,0,100,14:26:28,2464,200
334,236,0,0,0,100,348,216,4,0,0,100,14:26:28,2500,200
332,236,0,0,0,100,348,216,4,0,0,100,14:26:28,2536,200
330,236,0,0,0,100,348,216,4,0,0,100,14:26:28,2571,200
328,236,0,0,0,100,348,216,4,0,0,100,14:26:28,2607,200
326,236,0,0,0,100,348,216,4,0,0,100,14:26:28,2643,200
324,236,0,0,0,100,348,216,4,0,0,100,14:26:28,2679,200
322,236,0,0,0,100,348,216,4,0,0,100,14:26:28,2714,200
320,236,0,0,0,100,348,216,4,0,0,100,14:26:28,2750,200
318,236,0,0,0,100,348,216,4,0,0,100,14:26:28,2786,200
316,236,0,0,0,100,348,216,4,0,0,100,14:26:28,2821,200
314,236,0,0,0,100,348,216,4,0,0,100,14:26:28,2857,200
312,236,0,0,0,100,348,216,4,0,0,100,14:26:28,2893,200
310,236,0,0,0,100,346,216,0,0,0,100,14:26:28,2929,200
308,236,0,0,0,100,346,216,4,0,0,100,14:26:28,2964,200
306,236,0,0,0,100,346,216,4,0,0,100,14:26:29,3000,200
304,236,0,0,0,100,346,216,4,0,0,100,14:26:29,3034,200
302,236,0,0,0,100,346,216,4,0,0,100,14:26:29,3069,200
300,236,0,0,0,100,346,216,4,0,0,100,14:26:29,3103,200
298,236,0,0,0,100,344,216,0,0,0,100,14:26:29,3138,200
296,236,0,0,0,100,342,216,0,0,0,100,14:26:29,3172,200
296,234,0,0,0,100,342,214,3,0,0,100,14:26:29,3207,200
294,234,0,0,0,100,340,214,0,0,0,100,14:26:29,3241,200
292,234,0,0,0,100,338,214,0,0,0,100,14:26:29,3276,200
290,234,0,0,0,100,336,214,0,0,0,100,14:26:29,3310,200
288,234,0,0,0,100,334,214,0,0,0,100,14:26:29,3345,200
286,234,0,0,0,100,332,214,0,0,0,100,14:26:29,3379,200
284,234,0,0,0,100,330,214,0,0,0,100,14:26:29,3414,200
282,234,0,0,0,100,328,214,0,0,0,100,14:26:29,3448,200
280,234,0,0,0,100,326,214,0,0,0,100,14:26:29,3483,200
278,234,0,0,0,100,326,216,2,0,0,100,14:26:29,3517,200
276,234,0,0,0,100,324,216,0,0,0,100,14:26:29,3552,200
274,234,0,0,0,100,322,216,0,0,0,100,14:26:29,3586,200
272,234,0,0,0,100,320,216,0,0,0,100,14:26:29,3621,200
270,234,0,0,0,100,318,216,0,0,0,100,14:26:29,3655,200
268,234,0,0,0,100,316,216,0,0,0,100,14:26:29,3690,200
266,234,0,0,0,100,314,216,0,0,0,100,14:26:29,3724,200
264,234,0,0,0,100,312,216,0,0,0,100,14:26:29,3759,200
262,234,0,0,0,100,310,216,0,0,0,100,14:26:29,3793,200
262,234,3,0,0,100,310,216,4,0,0,100,14:26:29,3828,200
262,236,3,0,0,100,308,216,0,0,0,100,14:26:29,3862,200
262,238,3,0,0,100,306,216,0,0,0,100,14:26:29,3897,200
262,240,3,0,0,100,306,216,4,0,0,100,14:26:29,3931,200
262,242,3,0,0,100,304,216,0,0,0,100,14:26:29,3966,200
262,244,3,0,0,100,302,216,0,0,0,100,14:26:30,4000,200
262,246,3,0,0,100,300,216,0,0,0,100,14:26:30,4034,200
262,248,3,0,0,100,298,216,0,0,0,100,14:26:30,4069,200
262,250,3,0,0,100,298,216,4,0,0,100,14:26:30,4103,200
262,252,3,0,0,100,298,216,4,0,0,100,14:26:30,4138,200
262,254,3,0,0,100,298,218,2,0,0,100,14:26:30,4172,200
262,256,3,0,0,100,298,220,2,0,0,100,14:26:30,4207,200
262,258,3,0,0,100,298,222,2,0,0,100,14:26:30,4241,200
262,258,3,0,0,100,298,222,4,0,0,100,14:26:30,4276,200
262,260,3,0,0,100,298,224,2,0,0,100,14:26:30,4310,200
262,262,3,0,0,100,298,226,2,0,0,100,14:26:30,4345,200
262,264,3,0,0,100,298,228,2,0,0,100,14:26:30,4379,200
262,266,3,0,0,100,298,230,2,0,0,100,14:26:30,4414,200
262,268,3,0,0,100,298,232,2,0,0,100,14:26:30,4448,200
260,268,0,0,0,100,298,234,2,0,0,100,14:26:30,4483,200
258,268,0,0,0,100,298,236,2,0,0,100,14:26:30,4517,200
258,266,0,0,0,100,298,234,3,0,0,100,14:26:30,4552,200
258,268,0,0,0,100,298,236,2,0,0,100,14:26:30,4586,200
258,270,0,0,0,100,298,238,2,0,0,100,14:26:30,4621,200
256,270,0,0,0,100,296,238,0,0,0,100,14:26:30,4655,200
256,270,0,0,0,100,296,238,4,0,0,100,14:26:30,4690,200
254,270,0,0,0,100,294,238,0,0,0,100,14:26:30,4724,200
252,270,0,0,0,100,292,238,0,0,0,100,14:26:30,4759,200
250,270,0,0,0,100,290,238,0,0,0,100,14:26:30,4793,200
248,270,0,0,0,100,288,238,0,0,0,100,14:26:30,4828,200
246,270,0,0,0,100,286,238,0,0,0,100,14:26:30,4862,200
244,270,0,0,0,100,284,238,0,0,0,100,14:26:30,4897,200
242,270,0,0,0,100,282,238,0,0,0,100,14:26:30,4931,200
240,270,0,0,0,100,280,238,0,0,0,100,14:26:30,4966,200
238,270,0,0,0,100,278,238,0,0,0,100,14:26:31,5000,200
236,270,0,0,0,100,276,238,0,0,0,100,14:26:31,5036,200
234,270,0,0,0,100,274,238,0,0,0,100,14:26:31,5071,200
232,270,0,0,0,100,272,238,0,0,0,100,14:26:31,5107,200
230,270,0,0,0,100,270,238,0,0,0,100,14:26:31,5143,200
228,270,0,0,0,100,268,238,0,0,0,100,14:26:31,5179,200
226,270,0,0,0,100,266,238,0,0,0,100,14:26:31,5214,200
224,270,0,0,0,100,264,238,0,0,0,100,14:26:31,5250,200
222,270,0,0,0,100,262,238,0,0,0,100,14:26:31,5286,200
220,270,0,0,0,100,260,238,0,0,0,100,14:26:31,5321,200
218,270,0,0,0,100,258,238,0,0,0,100,14:26:31,5357,200
216,270,0,0,0,100,256,238,0,0,0,100,14:26:31,5393,200
214,270,0,0,0,100,254,238,0,0,0,100,14:26:31,5429,200
212,270,0,0,0,100,252,238,0,0,0,100,14:26:31,5464,200
210,270,0,0,0,100,250,238,0,0,0,100,14:26:31,5500,200
208,270,0,0,0,100,248,238,0,0,0,100,14:26:31,5536,200
208,272,0,0,0,100,248,240,2,0,0,100,14:26:31,5571,200
206,272,0,0,0,100,246,240,0,0,0,100,14:26:31,5607,200
204,272,0,0,0,100,244,240,0,0,0,100,14:26:31,5643,200
202,272,0,0,0,100,242,240,0,0,0,100,14:26:31,5679,200
200,272,0,0,0,100,240,240,0,0,0,100,14:26:31,5714,200
200,274,3,0,0,100,238,240,0,0,0,100,14:26:31,5750,200
200,276,3,0,0,100,236,240,0,0,0,100,14:26:31,5786,200
200,278,3,0,0,100,234,240,0,0,0,100,14:26:31,5821,200
200,280,3,0,0,100,234,242,2,0,0,100,14:26:31,5857,200
200,282,3,0,0,100,234,244,2,0,0,100,14:26:31,5893,200
200,284,3,0,0,100,234,246,2,0,0,100,14:26:31,5929,200
200,286,3,0,0,100,234,248,2,0,0,100,14:26:31,5964,200
200,288,3,0,0,100,234,250,2,0,0,100,14:26:32,6000,200
198,288,0,0,0,100,234,252,2,0,0,100,14:26:32,6034,200
196,288,0,0,0,100,234,254,2,0,0,100,14:26:32,6069,200
194,288,0,0,0,100,234,256,2,0,0,100,14:26:32,6103,200
192,288,0,0,0,100,232,256,0,0,0,100,14:26:32,6138,200
190,288,0,0,0,100,230,256,0,0,0,100,14:26:32,6172,200
188,288,0,0,0,100,228,256,0,0,0,100,14:26:32,6207,200
186,288,0,0,0,100,226,256,0,0,0,100,14:26:32,6241,200
184,288,0,0,0,100,224,256,0,0,0,100,14:26:32,6276,200
182,288,0,0,0,100,222,256,0,0,0,100,14:26:32,6310,200
180,288,0,0,0,100,220,256,0,0,0,100,14:26:32,6345,200
178,288,0,0,0,100,218,256,0,0,0,100,14:26:32,6379,200
176,288,0,0,0,100,216,256,0,0,0,100,14:26:32,6414,200
176,290,0,0,0,100,216,258,2,0,0,100,14:26:32,6448,200
174,290,0,0,0,100,214,258,0,0,0,100,14:26:32,6483,200
172,290,0,0,0,100,212,258,0,0,0,100,14:26:32,6517,200
170,290,0,0,0,100,210,258,0,0,0,100,14:26:32,6552,200
168,290,0,0,0,100,208,258,0,0,0,100,14:26:32,6586,200
166,290,0,0,0,100,206,258,0,0,0,100,14:26:32,6621,200
164,290,0,0,0,100,204,258,0,0,0,100,14:26:32,6655,200
162,290,0,0,0,100,202,258,0,0,0,100,14:26:32,6690,200
160,290,0,0,0,100,200,258,0,0,0,100,14:26:32,6724,200
158,290,0,0,0,100,198,258,0,0,0,100,14:26:32,6759,200
156,290,0,0,0,100,196,258,0,0,0,100,14:26:32,6793,200
154,290,0,0,0,100,194,258,0,0,0,100,14:26:32,6828,200
152,290,0,0,0,100,192,258,0,0,0,100,14:26:32,6862,200
150,290,0,0,0,100,190,258,0,0,0,100,14:26:32,6897,200
148,290,0,0,0,100,188,258,0,0,0,100,14:26:32,6931,200
146,290,0,0,0,100,186,258,0,0,0,100,14:26:32,6966,200
144,290,0,0,0,100,184,258,0,0,0,100,14:26:33,7000,200
142,290,0,0,0,100,182,258,0,0,0,100,14:26:33,7036,200
140,290,0,0,0,100,180,258,0,0,0,100,14:26:33,7071,200
138,290,0,0,0,100,178,258,0,0,0,100,14:26:33,7107,200
136,290,0,0,0,100,176,258,0,0,0,100,14:26:33,7143,200
134,290,0,0,0,100,174,258,0,0,0,100,14:26:33,7179,200
132,290,0,0,0,100,172,258,0,0,0,100,14:26:33,7214,200
130,290,0,0,0,100,170,258,0,0,0,100,14:26:33,7250,200
128,290,0,0,0,100,168,258,0,0,0,100,14:26:33,7286,200
126,290,0,0,0,100,166,258,0,0,0,100,14:26:33,7321,200
124,290,0,0,0,100,164,258,0,0,0,100,14:26:33,7357,200
122,290,0,0,0,100,162,258,0,0,0,100,14:26:33,7393,200
120,290,0,0,0,100,160,258,0,0,0,100,14:26:33,7429,200
118,290,0,0,0,100,158,258,0,0,0,100,14:26:33,7464,200
116,290,0,0,0,100,156,258,0,0,0,100,14:26:33,7500,200
114,290,0,0,0,100,154,258,0,0,0,100,14:26:33,7536,200
112,290,0,0,0,100,152,258,0,0,0,100,14:26:33,7571,200
110,290,0,0,0,100,150,258,0,0,0,100,14:26:33,7607,200
108,290,0,0,0,100,148,258,0,0,0,100,14:26:33,7643,200
106,290,0,0,0,100,146,258,0,0,0,100,14:26:33,7679,200
106,292,0,0,0,100,146,260,2,0,0,100,14:26:33,7714,200
104,292,0,0,0,100,144,260,0,0,0,100,14:26:33,7750,200
106,292,0,0,0,100,146,260,1,0,0,100,14:26:33,7786,200
104,292,0,0,0,100,144,260,0,0,0,100,14:26:33,7821,200
102,292,0,0,0,100,142,260,0,0,0,100,14:26:33,7857,200
100,292,0,0,0,100,140,260,0,0,0,100,14:26:33,7893,200
98,292,0,0,0,100,138,260,0,0,0,100,14:26:33,7929,200
96,292,0,0,0,100,136,260,0,0,0,100,14:26:33,7964,200
94,292,0,0,0,100,134,260,0,0,0,100,14:26:34,8000,200
92,292,0,0,0,100,132,260,0,0,0,100,14:26:34,8034,200
90,292,0,0,0,100,130,260,0,0,0,100,14:26:34,8069,200
90,294,0,0,0,100,130,262,2,0,0,100,14:26:34,8103,200
88,294,0,0,0,100,128,262,0,0,0,100,14:26:34,8138,200
86,294,0,0,0,100,126,262,0,0,0,100,14:26:34,8172,200
84,294,0,0,0,100,124,262,0,0,0,100,14:26:34,8207,200
82,294,0,0,0,100,122,262,0,0,0,100,14:26:34,8241,200
80,294,0,0,0,100,120,262,0,0,0,100,14:26:34,8276,200
78,294,0,0,0,100,118,262,0,0,0,100,14:26:34,8310,200
80,294,0,0,0,100,120,262,1,0,0,100,14:26:34,8345,200
78,294,0,0,0,100,118,262,0,0,0,100,14:26:34,8379,200
76,294,0,0,0,100,116,262,0,0,0,100,14:26:34,8414,200
74,294,0,0,0,100,114,262,0,0,0,100,14:26:34,8448,200
72,294,0,0,0,100,112,262,0,0,0,100,14:26:34,8483,200
70,294,0,0,0,100,110,262,0,0,0,100,14:26:34,8517,200
68,294,0,0,0,100,108,262,0,0,0,100,14:26:34,8552,200
66,294,0,0,0,100,106,262,0,0,0,100,14:26:34,8586,200
64,294,0,0,0,100,104,262,0,0,0,100,14:26:34,8621,200
62,294,0,0,0,100,102,262,0,0,0,100,14:26:34,8655,200
60,294,0,0,0,100,100,262,0,0,0,100,14:26:34,8690,200
58,294,0,0,0,100,98,262,0,0,0,100,14:26:34,8724,200
56,294,0,0,0,100,96,262,0,0,0,100,14:26:34,8759,200
54,294,0,0,0,100,94,262,0,0,0,100,14:26:34,8793,200
52,294,0,0,0,100,92,262,0,0,0,100,14:26:34,8828,200
50,294,0,0,0,100,90,262,0,0,0,100,14:26:34,8862,200
48,294,0,0,0,100,88,262,0,0,0,100,14:26:34,8897,200
46,294,0,0,0,100,86,262,0,0,0,100,14:26:34,8931,200
44,294,0,0,0,100,84,262,0,0,0,100,14:26:34,8966,200
42,294,0,0,0,100,82,262,0,0,0,100,14:26:35,9000,200
40,294,0,0,0,100,80,262,0,0,0,100,14:26:35,9036,200
42,294,0,0,0,100,82,262,1,0,0,100,14:26:35,9071,200
40,294,0,0,0,100,80,262,0,0,0,100,14:26:35,9107,200
38,294,0,0,0,100,78,262,0,0,0,100,14:26:35,9143,200
36,294,0,0,0,100,76,262,0,0,0,100,14:26:35,9179,200
34,294,0,0,0,100,74,262,0,0,0,100,14:26:35,9214,200
32,294,0,0,0,100,72,262,0,0,0,100,14:26:35,9250,200
30,294,0,0,0,100,70,262,0,0,0,100,14:26:35,9286,200
28,294,0,0,0,100,68,262,0,0,0,100,14:26:35,9321,200
28,294,4,0,0,100,66,262,0,0,0,100,14:26:35,9357,200
28,292,2,0,0,100,66,260,3,0,0,100,14:26:35,9500,200
28,290,2,0,0,100,66,260,4,0,0,100,14:26:35,9536,200
28,288,2,0,0,100,66,260,4,0,0,100,14:26:35,9571,200
28,286,2,0,0,100,66,260,4,0,0,100,14:26:35,9607,200
28,284,2,0,0,100,66,260,4,0,0,100,14:26:35,9643,200
28,282,2,0,0,100,66,260,4,0,0,100,14:26:35,9679,200
28,280,2,0,0,100,66,260,4,0,0,100,14:26:35,9714,200
28,278,2,0,0,100,66,260,4,0,0,100,14:26:35,9750,200
28,276,2,0,0,100,66,262,2,0,0,100,14:26:35,9786,200
28,274,2,0,0,100,64,262,0,0,0,100,14:26:35,9821,200
28,272,2,0,0,100,64,262,4,0,0,100,14:26:35,9857,200
28,270,2,0,0,100,64,262,4,0,0,100,14:26:35,9893,200
28,268,2,0,0,100,64,262,4,0,0,100,14:26:35,9929,200
28,266,2,0,0,100,64,264,2,0,0,100,14:26:35,9964,200
28,264,2,0,0,100,64,264,4,0,0,100,14:26:36,10000,200
28,262,2,0,0,100,64,264,4,0,0,100,14:26:36,10034,200
28,260,2,0,0,100,64,264,4,0,0,100,14:26:36,10069,200
28,258,2,0,0,100,64,264,4,0,0,100,14:26:36,10103,200
28,256,2,0,0,100,64,264,4,0,0,100,14:26:36,10138,200
28,254,2,0,0,100,64,264,4,0,0,100,14:26:36,10172,200
28,252,2,0,0,100,64,264,4,0,0,100,14:26:36,10207,200
28,250,2,0,0,100,64,264,4,0,0,100,14:26:36,10241,200
28,248,2,0,0,100,64,264,4,0,0,100,14:26:36,10276,200
28,246,2,0,0,100,64,266,2,0,0,100,14:26:36,10310,200
28,244,2,0,0,100,64,266,4,0,0,100,14:26:36,10345,200
28,242,2,0,0,100,64,266,4,0,0,100,14:26:36,10379,200
28,240,2,0,0,100,64,266,4,0,0,100,14:26:36,10414,200
28,238,2,0,0,100,64,266,4,0,0,100,14:26:36,10448,200
28,236,2,0,0,100,66,266,1,0,0,100,14:26:36,10483,200
28,234,2,0,0,100,66,266,4,0,0,100,14:26:36,10517,200
30,234,2,0,0,100,68,266,1,0,0,100,14:26:36,10552,200
30,232,2,0,0,100,68,266,4,0,0,100,14:26:36,10586,200
30,230,2,0,0,100,66,266,0,0,0,100,14:26:36,10621,200
30,228,2,0,0,100,64,266,0,0,0,100,14:26:36,10655,200
30,226,2,0,0,100,62,266,0,0,0,100,14:26:36,10690,200
28,226,2,0,0,100,60,266,0,0,0,100,14:26:36,10724,200
28,224,2,0,0,100,60,264,3,0,0,100,14:26:36,10759,200
28,222,2,0,0,100,60,262,3,0,0,100,14:26:36,10793,200
28,220,2,0,0,100,60,260,3,0,0,100,14:26:36,10828,200
28,218,2,0,0,100,60,258,3,0,0,100,14:26:36,10862,200
26,218,2,0,0,100,58,258,0,0,0,100,14:26:36,10897,200
26,216,2,0,0,100,58,256,3,0,0,100,14:26:36,10931,200
26,214,2,0,0,100,58,254,3,0,0,100,14:26:36,10966,200
26,212,2,0,0,100,58,252,3,0,0,100,14:26:37,11000,200
26,210,2,0,0,100,58,250,3,0,0,100,14:26:37,11034,200
26,208,2,0,0,100,58,248,3,0,0,100,14:26:37,11069,200
26,206,2,0,0,100,58,246,3,0,0,100,14:26:37,11103,200
26,204,2,0,0,100,58,244,3,0,0,100,14:26:37,11138,200
26,202,2,0,0,100,58,242,3,0,0,100,14:26:37,11172,200
26,200,2,0,0,100,58,240,3,0,0,100,14:26:37,11207,200
26,198,2,0,0,100,58,238,3,0,0,100,14:26:37,11241,200
26,196,2,0,0,100,58,236,3,0,0,100,14:26:37,11276,200
26,194,2,0,0,100,58,234,3,0,0,100,14:26:37,11310,200
26,192,2,0,0,100,58,232,3,0,0,100,14:26:37,11345,200
24,192,2,0,0,100,56,232,0,0,0,100,14:26:37,11379,200
24,190,2,0,0,100,56,230,3,0,0,100,14:26:37,11414,200
24,188,2,0,0,100,56,228,3,0,0,100,14:26:37,11448,200
24,186,2,0,0,100,56,226,3,0,0,100,14:26:37,11483,200
24,184,2,0,0,100,56,224,3,0,0,100,14:26:37,11517,200
24,182,2,0,0,100,56,222,3,0,0,100,14:26:37,11552,200
24,180,2,0,0,100,56,220,3,0,0,100,14:26:37,11586,200
24,178,2,0,0,100,56,218,3,0,0,100,14:26:37,11621,200
24,176,2,0,0,100,56,216,3,0,0,100,14:26:37,11655,200
24,174,2,0,0,100,56,214,3,0,0,100,14:26:37,11690,200
24,172,2,0,0,100,56,212,3,0,0,100,14:26:37,11724,200
24,170,2,0,0,100,56,210,3,0,0,100,14:26:37,11759,200
24,168,2,0,0,100,56,208,3,0,0,100,14:26:37,11793,200
24,166,2,0,0,100,56,206,3,0,0,100,14:26:37,11828,200
26,166,2,0,0,100,58,206,1,0,0,100,14:26:37,11862,200
26,164,2,0,0,100,58,204,3,0,0,100,14:26:37,11897,200
26,162,2,0,0,100,58,202,3,0,0,100,14:26:37,11931,200
26,160,2,0,0,100,58,200,3,0,0,100,14:26:37,11966,200
26,158,2,0,0,100,58,198,3,0,0,100,14:26:38,12000,200
26,156,2,0,0,100,58,196,3,0,0,100,14:26:38,12036,200
26,154,2,0,0,100,58,194,3,0,0,100,14:26:38,12071,200
26,152,2,0,0,100,58,192,3,0,0,100,14:26:38,12107,200
26,150,2,0,0,100,58,190,3,0,0,100,14:26:38,12143,200
26,148,2,0,0,100,58,188,3,0,0,100,14:26:38,12179,200
26,150,2,0,0,100,58,190,2,0,0,100,14:26:38,12214,200
26,148,2,0,0,100,58,188,3,0,0,100,14:26:38,12250,200
26,146,2,0,0,100,58,186,3,0,0,100,14:26:38,12286,200
26,144,2,0,0,100,58,184,3,0,0,100,14:26:38,12321,200
26,142,2,0,0,100,58,182,3,0,0,100,14:26:38,12357,200
26,140,2,0,0,100,58,180,3,0,0,100,14:26:38,12393,200
26,138,2,0,0,100,58,178,3,0,0,100,14:26:38,12429,200
26,136,2,0,0,100,58,176,3,0,0,100,14:26:38,12464,200
26,134,2,0,0,100,58,174,3,0,0,100,14:26:38,12500,200
26,132,2,0,0,100,58,172,3,0,0,100,14:26:38,12536,200
26,130,2,0,0,100,58,170,3,0,0,100,14:26:38,12571,200
26,132,2,0,0,100,58,172,2,0,0,100,14:26:38,12607,200
26,130,2,0,0,100,58,170,3,0,0,100,14:26:38,12643,200
26,128,2,0,0,100,58,168,3,0,0,100,14:26:38,12679,200
26,126,2,0,0,100,58,166,3,0,0,100,14:26:38,12714,200
26,124,2,0,0,100,58,164,3,0,0,100,14:26:38,12750,200
26,122,2,0,0,100,58,162,3,0,0,100,14:26:38,12786,200
26,120,2,0,0,100,58,160,3,0,0,100,14:26:38,12821,200
26,118,2,0,0,100,58,158,3,0,0,100,14:26:38,12857,200
26,116,2,0,0,100,58,156,3,0,0,100,14:26:38,12893,200
26,114,2,0,0,100,58,154,3,0,0,100,14:26:38,12929,200
26,112,2,0,0,100,58,152,3,0,0,100,14:26:38,12964,200
26,110,2,0,0,100,58,150,3,0,0,100,14:26:39,13000,200
26,110,4,0,0,100,58,148,3,0,0,100,14:26:39,13034,200
26,110,4,0,0,100,58,146,3,0,0,100,14:26:39,13069,200
26,110,4,0,0,100,56,146,0,0,0,100,14:26:39,13345,200
26,108,2,0,0,100,56,146,4,0,0,100,14:26:39,13690,200
26,106,2,0,0,100,56,146,4,0,0,100,14:26:39,13724,200
26,104,2,0,0,100,56,144,3,0,0,100,14:26:39,13759,200
28,104,2,0,0,100,58,144,1,0,0,100,14:26:39,13793,200
28,102,2,0,0,100,58,142,3,0,0,100,14:26:39,13828,200
28,100,2,0,0,100,58,140,3,0,0,100,14:26:39,13862,200
28,98,2,0,0,100,58,138,3,0,0,100,14:26:39,13897,200
28,98,4,0,0,100,58,136,3,0,0,100,14:26:39,13931,200
28,98,4,0,0,100,58,134,3,0,0,100,14:26:40,14000,200
28,98,4,0,0,100,58,132,3,0,0,100,14:26:40,14034,200
28,98,4,0,0,100,58,130,3,0,0,100,14:26:40,14069,200
28,98,4,0,0,100,58,128,3,0,0,100,14:26:40,14103,200
30,98,1,0,0,100,58,128,4,0,0,100,14:26:40,14207,200
32,98,1,0,0,100,58,128,4,0,0,100,14:26:40,14241,200
34,98,1,0,0,100,58,128,4,0,0,100,14:26:40,14276,200
36,98,1,0,0,100,58,128,4,0,0,100,14:26:40,14310,200
38,98,1,0,0,100,58,128,4,0,0,100,14:26:40,14345,200
40,98,1,0,0,100,58,128,4,0,0,100,14:26:40,14379,200
42,98,1,0,0,100,58,128,4,0,0,100,14:26:40,14414,200
44,98,1,0,0,100,58,128,4,0,0,100,14:26:40,14448,200
46,98,1,0,0,100,58,128,4,0,0,100,14:26:40,14483,200
48,98,1,0,0,100,58,128,4,0,0,100,14:26:40,14517,200
50,98,1,0,0,100,58,128,4,0,0,100,14:26:40,14552,200
52,98,1,0,0,100,58,128,4,0,0,100,14:26:40,14586,200
54,98,1,0,0,100,58,128,4,0,0,100,14:26:40,14621,200
56,98,1,0,0,100,58,128,4,0,0,100,14:26:40,14655,200
58,98,1,0,0,100,60,128,1,0,0,100,14:26:40,14690,200
60,98,1,0,0,100,60,128,4,0,0,100,14:26:40,14724,200
62,98,1,0,0,100,60,128,4,0,0,100,14:26:40,14759,200
64,98,1,0,0,100,60,128,4,0,0,100,14:26:40,14793,200
66,98,1,0,0,100,60,128,4,0,0,100,14:26:40,14828,200
68,98,1,0,0,100,60,128,4,0,0,100,14:26:40,14862,200
70,98,1,0,0,100,58,128,0,0,0,100,14:26:40,14897,200
72,98,1,0,0,100,58,128,4,0,0,100,14:26:40,14931,200
74,98,1,0,0,100,58,128,4,0,0,100,14:26:40,14966,200
76,98,1,0,0,100,58,128,4,0,0,100,14:26:41,15000,200
78,98,1,0,0,100,58,126,3,0,0,100,14:26:41,15036,200
80,98,1,0,0,100,58,126,4,0,0,100,14:26:41,15071,200
82,98,1,0,0,100,58,126,4,0,0,100,14:26:41,15107,200
84,98,1,0,0,100,58,126,4,0,0,100,14:26:41,15143,200
86,98,1,0,0,100,58,126,4,0,0,100,14:26:41,15179,200
88,98,1,0,0,100,58,126,4,0,0,100,14:26:41,15214,200
90,98,1,0,0,100,58,126,4,0,0,100,14:26:41,15250,200
92,98,1,0,0,100,58,126,4,0,0,100,14:26:41,15286,200
94,98,1,0,0,100,58,126,4,0,0,100,14:26:41,15321,200
94,96,2,0,0,100,60,126,1,0,0,100,14:26:41,15464,200
94,94,2,0,0,100,60,126,4,0,0,100,14:26:41,15500,200
94,92,2,0,0,100,60,126,4,0,0,100,14:26:41,15536,200
94,90,2,0,0,100,60,126,4,0,0,100,14:26:41,15571,200
94,88,2,0,0,100,60,126,4,0,0,100,14:26:41,15607,200
94,86,2,0,0,100,62,126,1,0,0,100,14:26:41,15643,200
94,84,2,0,0,100,62,124,3,0,0,100,14:26:41,15679,200
94,82,2,0,0,100,62,122,3,0,0,100,14:26:41,15714,200
96,82,1,0,0,100,62,120,3,0,0,100,14:26:41,15750,200
98,82,1,0,0,100,62,118,3,0,0,100,14:26:41,15786,200
100,82,1,0,0,100,62,116,3,0,0,100,14:26:41,15821,200
102,82,1,0,0,100,62,114,3,0,0,100,14:26:41,15857,200
102,80,1,0,0,100,62,112,3,0,0,100,14:26:41,15893,200
102,80,1,1,0,100,62,110,3,0,0,100,14:26:41,15929,200
104,80,1,0,0,50,64,110,1,0,0,100,14:26:41,15964,150
104,80,2,1,0,50,66,110,1,0,0,100,14:26:42,16000,150
104,80,2,1,0,0,68,110,1,0,0,100,14:26:42,16034,100
104,78,2,0,0,-50,70,110,1,0,0,100,14:26:42,16069,50
104,76,2,0,0,-50,70,110,4,0,0,100,14:26:42,16103,50
104,74,2,0,0,-50,70,110,4,0,0,100,14:26:42,16138,50
104,74,4,0,0,-50,72,110,1,0,0,100,14:26:42,16310,50
104,74,4,0,0,-50,70,110,0,0,0,100,14:26:42,16621,50
106,74,1,0,0,-50,70,110,4,0,0,100,14:26:42,16655,50
106,74,1,0,0,-50,70,110,4,0,0,100,14:26:42,16690,50
108,74,1,0,0,-50,70,108,3,0,0,100,14:26:42,16724,50
108,74,1,0,0,-50,70,108,4,0,0,100,14:26:42,16759,50
110,74,1,0,0,-50,70,106,3,0,0,100,14:26:42,16793,50
110,74,1,0,0,-50,70,106,4,0,0,100,14:26:42,16828,50
110,72,1,0,0,-50,70,104,3,0,0,100,14:26:42,16862,50
110,70,1,0,0,-50,70,102,3,0,0,100,14:26:42,16897,50
110,70,4,0,0,-50,72,102,1,0,0,100,14:26:42,16931,50
110,70,4,0,0,-50,74,102,1,0,0,100,14:26:42,16966,50
110,70,4,0,0,-50,76,102,1,0,0,100,14:26:43,17000,50
110,70,4,0,0,-50,78,102,1,0,0,100,14:26:43,17034,50
110,70,4,0,0,-50,76,102,0,0,0,100,14:26:43,17207,50
110,70,4,0,0,-50,76,104,2,0,0,100,14:26:43,17345,50
112,70,1,0,0,-50,78,104,1,0,0,100,14:26:43,17379,50
114,70,1,0,0,-50,78,104,4,0,0,100,14:26:43,17414,50
112,70,1,0,0,-50,76,104,0,0,0,100,14:26:43,17448,50
110,70,1,0,0,-50,74,104,0,0,0,100,14:26:43,17483,50
112,70,1,0,0,-50,74,104,4,0,0,100,14:26:43,17517,50
114,70,1,0,0,-50,76,104,1,0,0,100,14:26:43,17552,50
116,70,1,0,0,-50,78,104,1,0,0,100,14:26:43,17586,50
116,70,4,0,0,-50,80,104,1,0,0,100,14:26:43,17621,50
116,70,4,0,0,-50,82,104,1,0,0,100,14:26:43,17655,50
116,68,2,0,0,-50,82,104,4,0,0,100,14:26:43,17897,50
116,66,2,0,0,-50,82,104,4,0,0,100,14:26:43,17931,50
116,64,2,0,0,-50,82,102,3,0,0,100,14:26:43,17966,50
116,62,2,0,0,-50,82,100,3,0,0,100,14:26:44,18000,50
116,60,2,0,0,-50,82,98,3,0,0,100,14:26:44,18036,50
116,58,2,0,0,-50,82,96,3,0,0,100,14:26:44,18071,50
116,56,2,0,0,-50,82,94,3,0,0,100,14:26:44,18107,50
116,54,2,0,0,-50,82,92,3,0,0,100,14:26:44,18143,50
116,52,2,0,0,-50,82,90,3,0,0,100,14:26:44,18179,50
116,52,4,0,0,-50,82,88,3,0,0,100,14:26:44,18214,50
118,52,1,0,0,-50,82,88,4,0,0,100,14:26:44,18429,50
120,52,1,0,0,-50,82,86,3,0,0,100,14:26:44,18464,50
122,52,1,0,0,-50,82,84,3,0,0,100,14:26:44,18500,50
122,50,1,0,0,-50,82,82,3,0,0,100,14:26:44,18536,50
122,48,1,0,0,-50,82,80,3,0,0,100,14:26:44,18571,50
124,48,1,0,0,-50,84,80,1,0,0,100,14:26:44,18607,50
126,48,1,0,0,-50,86,80,1,0,0,100,14:26:44,18643,50
128,48,1,0,0,-50,88,80,1,0,0,100,14:26:44,18679,50
130,48,1,0,0,-50,90,80,1,0,0,100,14:26:44,18714,50
132,48,1,0,0,-50,92,80,1,0,0,100,14:26:44,18750,50
134,48,1,0,0,-50,94,80,1,0,0,100,14:26:44,18786,50
134,48,4,0,0,-50,96,80,1,0,0,100,14:26:44,18821,50
134,48,4,0,0,-50,98,80,1,0,0,100,14:26:44,18857,50
134,48,4,0,0,-50,98,82,2,0,0,100,14:26:45,19103,50
132,48,0,0,0,-50,98,82,4,0,0,100,14:26:45,19207,50
130,48,0,0,0,-50,98,82,4,0,0,100,14:26:45,19241,50
128,48,0,0,0,-50,98,82,4,0,0,100,14:26:45,19276,50
126,48,0,0,0,-50,98,82,4,0,0,100,14:26:45,19310,50
124,48,0,0,0,-50,98,82,4,0,0,100,14:26:45,19345,50
122,48,0,0,0,-50,98,82,4,0,0,100,14:26:45,19379,50
120,48,0,0,0,-50,98,82,4,0,0,100,14:26:45,19414,50
118,48,0,0,0,-50,98,82,4,0,0,100,14:26:45,19448,50
116,48,0,0,0,-50,98,82,4,0,0,100,14:26:45,19483,50
114,48,0,0,0,-50,96,82,0,0,0,100,14:26:45,19517,50
112,48,0,0,0,-50,96,82,4,0,0,100,14:26:45,19552,50
110,48,0,0,0,-50,96,82,4,0,0,100,14:26:45,19586,50
108,48,0,0,0,-50,96,82,4,0,0,100,14:26:45,19621,50
106,48,0,0,0,-50,96,82,4,0,0,100,14:26:45,19655,50
104,48,0,0,0,-50,96,82,4,0,0,100,14:26:45,19862,50
102,48,0,0,0,-50,96,82,4,0,0,100,14:26:45,19897,50
100,48,0,0,0,-50,96,82,4,0,0,100,14:26:45,19931,50
98,48,0,0,0,-50,96,82,4,0,0,100,14:26:45,19966,50
98,46,2,0,0,-50,96,82,4,0,0,100,14:26:46,20103,50
98,44,2,0,0,-50,98,82,1,0,0,100,14:26:46,20138,50
98,42,2,0,0,-50,98,82,4,0,0,100,14:26:46,20172,50
98,40,2,0,0,-50,98,82,4,0,0,100,14:26:46,20207,50
98,38,2,0,0,-50,98,82,4,0,0,100,14:26:46,20241,50
98,36,2,0,0,-50,98,84,2,0,0,100,14:26:46,20276,50
98,34,2,0,0,-50,98,84,4,0,0,100,14:26:46,20310,50
98,32,2,0,0,-50,98,82,3,0,0,100,14:26:46,20345,50
98,30,2,0,0,-50,98,80,3,0,0,100,14:26:46,20379,50
98,28,2,0,0,-50,98,78,3,0,0,100,14:26:46,20414,50
98,26,2,0,0,-50,98,76,3,0,0,100,14:26:46,20448,50
98,24,2,0,0,-50,98,74,3,0,0,100,14:26:46,20483,50
98,22,2,0,0,-50,98,72,3,0,0,100,14:26:46,20517,50
98,20,2,0,0,-50,98,70,3,0,0,100,14:26:46,20552,50
98,18,2,0,0,-50,98,68,3,0,0,100,14:26:46,20586,50
98,16,2,0,0,-50,98,66,3,0,0,100,14:26:46,20621,50
98,14,2,0,0,-50,98,64,3,0,0,100,14:26:46,20655,50
98,12,2,0,0,-50,98,62,3,0,0,100,14:26:46,20690,50
98,10,2,0,0,-50,98,60,3,0,0,100,14:26:46,20724,50
98,8,2,0,0,-50,98,58,3,0,0,100,14:26:46,20759,50
98,6,2,0,0,-50,98,56,3,0,0,100,14:26:46,20793,50
98,4,2,0,0,-50,98,54,3,0,0,100,14:26:46,20828,50
100,4,2,0,0,-50,100,54,1,0,0,100,14:26:46,20862,50
100,2,2,0,0,-50,100,52,3,0,0,100,14:26:46,20897,50
100,0,2,0,0,-50,100,50,3,0,0,100,14:26:46,20931,50
100,-2,2,0,0,-50,100,48,3,0,0,100,14:26:46,20966,50
100,-4,2,0,0,-50,100,46,3,0,0,100,14:26:47,21000,50
100,-6,2,0,0,-50,100,44,3,0,0,100,14:26:47,21333,50
100,-4,2,0,0,-50,100,46,2,0,0,100,14:26:47,21666,50
100,-6,2,0,0,-50,100,44,3,0,0,100,14:26:47,21999,50
100,-8,2,0,1,-50,100,42,3,0,1,10100,14:26:54,28999,10050
