P1_X,P1_Y,P1_Direction,P1_Crashed,P1_ReachedGoal,P1_Score,P2_X,P2_Y,P2_Direction,P2_Crashed,P2_ReachedGoal,P2_Score,Timestamp,Elapsed_time_miliseconds,Total_Score,goal_x,goal_y,obs_0_x,obs_0_y,obs_0_width,obs_0_height,obs_1_x,obs_1_y,obs_1_width,obs_1_height,obs_2_x,obs_2_y,obs_2_width,obs_2_height,obs_3_x,obs_3_y,obs_3_width,obs_3_height,obs_4_x,obs_4_y,obs_4_width,obs_4_height,obs_5_x,obs_5_y,obs_5_width,obs_5_height,obs_6_x,obs_6_y,obs_6_width,obs_6_height,obs_7_x,obs_7_y,obs_7_width,obs_7_height,obs_8_x,obs_8_y,obs_8_width,obs_8_height,obs_9_x,obs_9_y,obs_9_width,obs_9_height,obs_10_x,obs_10_y,obs_10_width,obs_10_height,obs_11_x,obs_11_y,obs_11_width,obs_11_height,obs_12_x,obs_12_y,obs_12_width,obs_12_height,obs_13_x,obs_13_y,obs_13_width,obs_13_height,obs_14_x,obs_14_y,obs_14_width,obs_14_height,obs_15_x,obs_15_y,obs_15_width,obs_15_height,obs_16_x,obs_16_y,obs_16_width,obs_16_height,obs_17_x,obs_17_y,obs_17_width,obs_17_height,obs_18_x,obs_18_y,obs_18_width,obs_18_height,obs_19_x,obs_19_y,obs_19_width,obs_19_height,obs_20_x,obs_20_y,obs_20_width,obs_20_height,obs_21_x,obs_21_y,obs_21_width,obs_21_height,obs_22_x,obs_22_y,obs_22_width,obs_22_height,obs_23_x,obs_23_y,obs_23_width,obs_23_height,obs_24_x,obs_24_y,obs_24_width,obs_24_height,obs_25_x,obs_25_y,obs_25_width,obs_25_height,obs_26_x,obs_26_y,obs_26_width,obs_26_height,obs_27_x,obs_27_y,obs_27_width,obs_27_height,obs_28_x,obs_28_y,obs_28_width,obs_28_height,obs_29_x,obs_29_y,obs_29_width,obs_29_height
57,192,1,0,0,100,56,192,4,0,0,100,15:57:14,10286,200,595,108,20,306,73,43,631,507,82,63,303,206,42,84,451,106,87,34,475,312,76,87,94,106,39,83,328,54,73,52,177,514,70,49,497,50,86,70,273,234,53,99,579,212,73,86,689,25,36,53,77,419,41,70,37,527,60,40,226,170,76,72,654,167,42,76,404,303,47,42,380,143,37,91,515,329,89,30,621,34,31,88,715,58,68,64,556,8,31,72,268,114,43,32,530,45,57,62,299,119,74,56,280,293,63,79,671,152,85,68,504,20,55,68,28,223,99,43,228,332,70,48
58,192,1,0,0,100,56,192,4,0,0,100,15:57:14,10321,200,595,108,20,306,73,43,631,507,82,63,303,206,42,84,451,106,87,34,475,312,76,87,94,106,39,83,328,54,73,52,177,514,70,49,497,50,86,70,273,234,53,99,579,212,73,86,689,25,36,53,77,419,41,70,37,527,60,40,226,170,76,72,654,167,42,76,404,303,47,42,380,143,37,91,515,329,89,30,621,34,31,88,715,58,68,64,556,8,31,72,268,114,43,32,530,45,57,62,299,119,74,56,280,293,63,79,671,152,85,68,504,20,55,68,28,223,99,43,228,332,70,48
59,192,1,0,0,100,56,192,4,0,0,100,15:57:14,10357,200,595,108,20,306,73,43,631,507,82,63,303,206,42,84,451,106,87,34,475,312,76,87,94,106,39,83,328,54,73,52,177,514,70,49,497,50,86,70,273,234,53,99,579,212,73,86,689,25,36,53,77,419,41,70,37,527,60,40,226,170,76,72,654,167,42,76,404,303,47,42,380,143,37,91,515,329,89,30,621,34,31,88,715,58,68,64,556,8,31,72,268,114,43,32,530,45,57,62,299,119,74,56,280,293,63,79,671,152,85,68,504,20,55,68,28,223,99,43,228,332,70,48
60,192,1,0,0,100,56,192,4,0,0,100,15:57:14,10393,200,595,108,20,306,73,43,631,507,82,63,303,206,42,84,451,106,87,34,475,312,76,87,94,106,39,83,328,54,73,52,177,514,70,49,497,50,86,70,273,234,53,99,579,212,73,86,689,25,36,53,77,419,41,70,37,527,60,40,226,170,76,72,654,167,42,76,404,303,47,42,380,143,37,91,515,329,89,30,621,34,31,88,715,58,68,64,556,8,31,72,268,114,43,32,530,45,57,62,299,119,74,56,280,293,63,79,671,152,85,68,504,20,55,68,28,223,99,43,228,332,70,48
61,192,1,0,0,100,56,192,4,0,0,100,15:57:14,10429,200,595,108,20,306,73,43,631,507,82,63,303,206,42,84,451,106,87,34,475,312,76,87,94,106,39,83,328,54,73,52,177,514,70,49,497,50,86,70,273,234,53,99,579,212,73,86,689,25,36,53,77,419,41,70,37,527,60,40,226,170,76,72,654,167,42,76,404,303,47,42,380,143,37,91,515,329,89,30,621,34,31,88,715,58,68,64,556,8,31,72,268,114,43,32,530,45,57,62,299,119,74,56,280,293,63,79,671,152,85,68,504,20,55,68,28,223,99,43,228,332,70,48
62,192,1,0,0,100,56,192,4,0,0,100,15:57:14,10464,200,595,108,20,306,73,43,631,507,82,63,303,206,42,84,451,106,87,34,475,312,76,87,94,106,39,83,328,54,73,52,177,514,70,49,497,50,86,70,273,234,53,99,579,212,73,86,689,25,36,53,77,419,41,70,37,527,60,40,226,170,76,72,654,167,42,76,404,303,47,42,380,143,37,91,515,329,89,30,621,34,31,88,715,58,68,64,556,8,31,72,268,114,43,32,530,45,57,62,299,119,74,56,280,293,63,79,671,152,85,68,504,20,55,68,28,223,99,43,228,332,70,48
63,192,1,0,0,100,56,192,4,0,0,100,15:57:14,10500,200,595,108,20,306,73,43,631,507,82,63,303,206,42,84,451,106,87,34,475,312,76,87,94,106,39,83,328,54,73,52,177,514,70,49,497,50,86,70,273,234,53,99,579,212,73,86,689,25,36,53,77,419,41,70,37,527,60,40,226,170,76,72,654,167,42,76,404,303,47,42,380,143,37,91,515,329,89,30,621,34,31,88,715,58,68,64,556,8,31,72,268,114,43,32,530,45,57,62,299,119,74,56,280,293,63,79,671,152,85,68,504,20,55,68,28,223,99,43,228,332,70,48
64,192,1,0,0,100,56,192,4,0,0,100,15:57:14,10536,200,595,108,20,306,73,43,631,507,82,63,303,206,42,84,451,106,87,34,475,312,76,87,94,106,39,83,328,54,73,52,177,514,70,49,497,50,86,70,273,234,53,99,579,212,73,86,689,25,36,53,77,419,41,70,37,527,60,40,226,170,76,72,654,167,42,76,404,303,47,42,380,143,37,91,515,329,89,30,621,34,31,88,715,58,68,64,556,8,31,72,268,114,43,32,530,45,57,62,299,119,74,56,280,293,63,79,671,152,85,68,504,20,55,68,28,223,99,43,228,332,70,48
65,192,1,0,0,100,56,192,4,0,0,100,15:57:14,10571,200,595,108,20,306,73,43,631,507,82,63,303,206,42,84,451,106,87,34,475,312,76,87,94,106,39,83,328,54,73,52,177,514,70,49,497,50,86,70,273,234,53,99,579,212,73,86,689,25,36,53,77,419,41,70,37,527,60,40,226,170,76,72,654,167,42,76,404,303,47,42,380,143,37,91,515,329,89,30,621,34,31,88,715,58,68,64,556,8,31,72,268,114,43,32,530,45,57,62,299,119,74,56,280,293,63,79,671,152,85,68,504,20,55,68,28,223,99,43,228,332,70,48
66,192,1,0,0,100,56,192,4,0,0,100,15:57:14,10607,200,595,108,20,306,73,43,631,507,82,63,303,206,42,84,451,106,87,34,475,312,76,87,94,106,39,83,328,54,73,52,177,514,70,49,497,50,86,70,273,234,53,99,579,212,73,86,689,25,36,53,77,419,41,70,37,527,60,40,226,170,76,72,654,167,42,76,404,303,47,42,380,143,37,91,515,329,89,30,621,34,31,88,715,58,68,64,556,8,31,72,268,114,43,32,530,45,57,62,299,119,74,56,280,293,63,79,671,152,85,68,504,20,55,68,28,223,99,43,228,332,70,48
67,192,1,0,0,100,56,192,4,0,0,100,15:57:14,10643,200,595,108,20,306,73,43,631,507,82,63,303,206,42,84,451,106,87,34,475,312,76,87,94,106,39,83,328,54,73,52,177,514,70,49,497,50,86,70,273,234,53,99,579,212,73,86,689,25,36,53,77,419,41,70,37,527,60,40,226,170,76,72,654,167,42,76,404,303,47,42,380,143,37,91,515,329,89,30,621,34,31,88,715,58,68,64,556,8,31,72,268,114,43,32,530,45,57,62,299,119,74,56,280,293,63,79,671,152,85,68,504,20,55,68,28,223,99,43,228,332,70,48
68,192,1,0,0,100,56,192,4,0,0,100,15:57:14,10679,200,595,108,20,306,73,43,631,507,82,63,303,206,42,84,451,106,87,34,475,312,76,87,94,106,39,83,328,54,73,52,177,514,70,49,497,50,86,70,273,234,53,99,579,212,73,86,689,25,36,53,77,419,41,70,37,527,60,40,226,170,76,72,654,167,42,76,404,303,47,42,380,143,37,91,515,329,89,30,621,34,31,88,715,58,68,64,556,8,31,72,268,114,43,32,530,45,57,62,299,119,74,56,280,293,63,79,671,152,85,68,504,20,55,68,28,223,99,43,228,332,70,48
69,192,1,0,0,100,56,192,4,0,0,100,15:57:14,10714,200,595,108,20,306,73,43,631,507,82,63,303,206,42,84,451,106,87,34,475,312,76,87,94,106,39,83,328,54,73,52,177,514,70,49,497,50,86,70,273,234,53,99,579,212,73,86,689,25,36,53,77,419,41,70,37,527,60,40,226,170,76,72,654,167,42,76,404,303,47,42,380,143,37,91,515,329,89,30,621,34,31,88,715,58,68,64,556,8,31,72,268,114,43,32,530,45,57,62,299,119,74,56,280,293,63,79,671,152,85,68,504,20,55,68,28,223,99,43,228,332,70,48
70,192,1,0,0,100,56,192,4,0,0,100,15:57:14,10750,200,595,108,20,306,73,43,631,507,82,63,303,206,42,84,451,106,87,34,475,312,76,87,94,106,39,83,328,54,73,52,177,514,70,49,497,50,86,70,273,234,53,99,579,212,73,86,689,25,36,53,77,419,41,70,37,527,60,40,226,170,76,72,654,167,42,76,404,303,47,42,380,143,37,91,515,329,89,30,621,34,31,88,715,58,68,64,556,8,31,72,268,114,43,32,530,45,57,62,299,119,74,56,280,293,63,79,671,152,85,68,504,20,55,68,28,223,99,43,228,332,70,48
71,192,1,0,0,100,56,192,4,0,0,100,15:57:14,10786,200,595,108,20,306,73,43,631,507,82,63,303,206,42,84,451,106,87,34,475,312,76,87,94,106,39,83,328,54,73,52,177,514,70,49,497,50,86,70,273,234,53,99,579,212,73,86,689,25,36,53,77,419,41,70,37,527,60,40,226,170,76,72,654,167,42,76,404,303,47,42,380,143,37,91,515,329,89,30,621,34,31,88,715,58,68,64,556,8,31,72,268,114,43,32,530,45,57,62,299,119,74,56,280,293,63,79,671,152,85,68,504,20,55,68,28,223,99,43,228,332,70,48
72,192,1,0,0,100,56,192,4,0,0,100,15:57:14,10821,200,595,108,20,306,73,43,631,507,82,63,303,206,42,84,451,106,87,34,475,312,76,87,94,106,39,83,328,54,73,52,177,514,70,49,497,50,86,70,273,234,53,99,579,212,73,86,689,25,36,53,77,419,41,70,37,527,60,40,226,170,76,72,654,167,42,76,404,303,47,42,380,143,37,91,515,329,89,30,621,34,31,88,715,58,68,64,556,8,31,72,268,114,43,32,530,45,57,62,299,119,74,56,280,293,63,79,671,152,85,68,504,20,55,68,28,223,99,43,228,332,70,48
73,192,1,0,0,100,56,192,4,0,0,100,15:57:14,10857,200,595,108,20,306,73,43,631,507,82,63,303,206,42,84,451,106,87,34,475,312,76,87,94,106,39,83,328,54,73,52,177,514,70,49,497,50,86,70,273,234,53,99,579,212,73,86,689,25,36,53,77,419,41,70,37,527,60,40,226,170,76,72,654,167,42,76,404,303,47,42,380,143,37,91,515,329,89,30,621,34,31,88,715,58,68,64,556,8,31,72,268,114,43,32,530,45,57,62,299,119,74,56,280,293,63,79,671,152,85,68,504,20,55,68,28,223,99,43,228,332,70,48
74,192,1,0,0,100,56,192,4,0,0,100,15:57:14,10893,200,595,108,20,306,73,43,631,507,82,63,303,206,42,84,451,106,87,34,475,312,76,87,94,106,39,83,328,54,73,52,177,514,70,49,497,50,86,70,273,234,53,99,579,212,73,86,689,25,36,53,77,419,41,70,37,527,60,40,226,170,76,72,654,167,42,76,404,303,47,42,380,143,37,91,515,329,89,30,621,34,31,88,715,58,68,64,556,8,31,72,268,114,43,32,530,45,57,62,299,119,74,56,280,293,63,79,671,152,85,68,504,20,55,68,28,223,99,43,228,332,70,48
75,192,1,0,0,100,56,192,4,0,0,100,15:57:14,10929,200,595,108,20,306,73,43,631,507,82,63,303,206,42,84,451,106,87,34,475,312,76,87,94,106,39,83,328,54,73,52,177,514,70,49,497,50,86,70,273,234,53,99,579,212,73,86,689,25,36,53,77,419,41,70,37,527,60,40,226,170,76,72,654,167,42,76,404,303,47,42,380,143,37,91,515,329,89,30,621,34,31,88,715,58,68,64,556,8,31,72,268,114,43,32,530,45,57,62,299,119,74,56,280,293,63,79,671,152,85,68,504,20,55,68,28,223,99,43,228,332,70,48
76,192,1,0,0,100,56,192,4,0,0,100,15:57:14,10964,200,595,108,20,306,73,43,631,507,82,63,303,206,42,84,451,106,87,34,475,312,76,87,94,106,39,83,328,54,73,52,177,514,70,49,497,50,86,70,273,234,53,99,579,212,73,86,689,25,36,53,77,419,41,70,37,527,60,40,226,170,76,72,654,167,42,76,404,303,47,42,380,143,37,91,515,329,89,30,621,34,31,88,715,58,68,64,556,8,31,72,268,114,43,32,530,45,57,62,299,119,74,56,280,293,63,79,671,152,85,68,504,20,55,68,28,223,99,43,228,332,70,48
77,192,1,0,0,100,56,192,4,0,0,100,15:57:15,11000,200,595,108,20,306,73,43,631,507,82,63,303,206,42,84,451,106,87,34,475,312,76,87,94,106,39,83,328,54,73,52,177,514,70,49,497,50,86,70,273,234,53,99,579,212,73,86,689,25,36,53,77,419,41,70,37,527,60,40,226,170,76,72,654,167,42,76,404,303,47,42,380,143,37,91,515,329,89,30,621,34,31,88,715,58,68,64,556,8,31,72,268,114,43,32,530,45,57,62,299,119,74,56,280,293,63,79,671,152,85,68,504,20,55,68,28,223,99,43,228,332,70,48
78,192,1,0,0,100,56,192,4,0,0,100,15:57:15,11036,200,595,108,20,306,73,43,631,507,82,63,303,206,42,84,451,106,87,34,475,312,76,87,94,106,39,83,328,54,73,52,177,514,70,49,497,50,86,70,273,234,53,99,579,212,73,86,689,25,36,53,77,419,41,70,37,527,60,40,226,170,76,72,654,167,42,76,404,303,47,42,380,143,37,91,515,329,89,30,621,34,31,88,715,58,68,64,556,8,31,72,268,114,43,32,530,45,57,62,299,119,74,56,280,293,63,79,671,152,85,68,504,20,55,68,28,223,99,43,228,332,70,48
79,192,1,0,0,100,56,192,4,0,0,100,15:57:15,11071,200,595,108,20,306,73,43,631,507,82,63,303,206,42,84,451,106,87,34,475,312,76,87,94,106,39,83,328,54,73,52,177,514,70,49,497,50,86,70,273,234,53,99,579,212,73,86,689,25,36,53,77,419,41,70,37,527,60,40,226,170,76,72,654,167,42,76,404,303,47,42,380,143,37,91,515,329,89,30,621,34,31,88,715,58,68,64,556,8,31,72,268,114,43,32,530,45,57,62,299,119,74,56,280,293,63,79,671,152,85,68,504,20,55,68,28,223,99,43,228,332,70,48
80,192,1,0,0,100,56,192,4,0,0,100,15:57:15,11107,200,595,108,20,306,73,43,631,507,82,63,303,206,42,84,451,106,87,34,475,312,76,87,94,106,39,83,328,54,73,52,177,514,70,49,497,50,86,70,273,234,53,99,579,212,73,86,689,25,36,53,77,419,41,70,37,527,60,40,226,170,76,72,654,167,42,76,404,303,47,42,380,143,37,91,515,329,89,30,621,34,31,88,715,58,68,64,556,8,31,72,268,114,43,32,530,45,57,62,299,119,74,56,280,293,63,79,671,152,85,68,504,20,55,68,28,223,99,43,228,332,70,48
81,192,1,0,0,100,56,192,4,0,0,100,15:57:15,11143,200,595,108,20,306,73,43,631,507,82,63,303,206,42,84,451,106,87,34,475,312,76,87,94,106,39,83,328,54,73,52,177,514,70,49,497,50,86,70,273,234,53,99,579,212,73,86,689,25,36,53,77,419,41,70,37,527,60,40,226,170,76,72,654,167,42,76,404,303,47,42,380,143,37,91,515,329,89,30,621,34,31,88,715,58,68,64,556,8,31,72,268,114,43,32,530,45,57,62,299,119,74,56,280,293,63,79,671,152,85,68,504,20,55,68,28,223,99,43,228,332,70,48
81,193,3,0,0,100,56,192,4,0,0,100,15:57:15,11357,200,595,108,20,306,73,43,631,507,82,63,303,206,42,84,451,106,87,34,475,312,76,87,94,106,39,83,328,54,73,52,177,514,70,49,497,50,86,70,273,234,53,99,579,212,73,86,689,25,36,53,77,419,41,70,37,527,60,40,226,170,76,72,654,167,42,76,404,303,47,42,380,143,37,91,515,329,89,30,621,34,31,88,715,58,68,64,556,8,31,72,268,114,43,32,530,45,57,62,299,119,74,56,280,293,63,79,671,152,85,68,504,20,55,68,28,223,99,43,228,332,70,48
81,194,3,0,0,100,56,192,4,0,0,100,15:57:15,11393,200,595,108,20,306,73,43,631,507,82,63,303,206,42,84,451,106,87,34,475,312,76,87,94,106,39,83,328,54,73,52,177,514,70,49,497,50,86,70,273,234,53,99,579,212,73,86,689,25,36,53,77,419,41,70,37,527,60,40,226,170,76,72,654,167,42,76,404,303,47,42,380,143,37,91,515,329,89,30,621,34,31,88,715,58,68,64,556,8,31,72,268,114,43,32,530,45,57,62,299,119,74,56,280,293,63,79,671,152,85,68,504,20,55,68,28,223,99,43,228,332,70,48
81,195,3,0,0,100,56,192,4,0,0,100,15:57:15,11429,200,595,108,20,306,73,43,631,507,82,63,303,206,42,84,451,106,87,34,475,312,76,87,94,106,39,83,328,54,73,52,177,514,70,49,497,50,86,70,273,234,53,99,579,212,73,86,689,25,36,53,77,419,41,70,37,527,60,40,226,170,76,72,654,167,42,76,404,303,47,42,380,143,37,91,515,329,89,30,621,34,31,88,715,58,68,64,556,8,31,72,268,114,43,32,530,45,57,62,299,119,74,56,280,293,63,79,671,152,85,68,504,20,55,68,28,223,99,43,228,332,70,48
81,196,3,0,0,100,56,192,4,0,0,100,15:57:15,11464,200,595,108,20,306,73,43,631,507,82,63,303,206,42,84,451,106,87,34,475,312,76,87,94,106,39,83,328,54,73,52,177,514,70,49,497,50,86,70,273,234,53,99,579,212,73,86,689,25,36,53,77,419,41,70,37,527,60,40,226,170,76,72,654,167,42,76,404,303,47,42,380,143,37,91,515,329,89,30,621,34,31,88,715,58,68,64,556,8,31,72,268,114,43,32,530,45,57,62,299,119,74,56,280,293,63,79,671,152,85,68,504,20,55,68,28,223,99,43,228,332,70,48
81,197,3,0,0,100,56,192,4,0,0,100,15:57:15,11500,200,595,108,20,306,73,43,631,507,82,63,303,206,42,84,451,106,87,34,475,312,76,87,94,106,39,83,328,54,73,52,177,514,70,49,497,50,86,70,273,234,53,99,579,212,73,86,689,25,36,53,77,419,41,70,37,527,60,40,226,170,76,72,654,167,42,76,404,303,47,42,380,143,37,91,515,329,89,30,621,34,31,88,715,58,68,64,556,8,31,72,268,114,43,32,530,45,57,62,299,119,74,56,280,293,63,79,671,152,85,68,504,20,55,68,28,223,99,43,228,332,70,48
81,198,3,0,0,100,56,192,4,0,0,100,15:57:15,11536,200,595,108,20,306,73,43,631,507,82,63,303,206,42,84,451,106,87,34,475,312,76,87,94,106,39,83,328,54,73,52,177,514,70,49,497,50,86,70,273,234,53,99,579,212,73,86,689,25,36,53,77,419,41,70,37,527,60,40,226,170,76,72,654,167,42,76,404,303,47,42,380,143,37,91,515,329,89,30,621,34,31,88,715,58,68,64,556,8,31,72,268,114,43,32,530,45,57,62,299,119,74,56,280,293,63,79,671,152,85,68,504,20,55,68,28,223,99,43,228,332,70,48
81,199,3,0,0,100,56,192,4,0,0,100,15:57:15,11571,200,595,108,20,306,73,43,631,507,82,63,303,206,42,84,451,106,87,34,475,312,76,87,94,106,39,83,328,54,73,52,177,514,70,49,497,50,86,70,273,234,53,99,579,212,73,86,689,25,36,53,77,419,41,70,37,527,60,40,226,170,76,72,654,167,42,76,404,303,47,42,380,143,37,91,515,329,89,30,621,34,31,88,715,58,68,64,556,8,31,72,268,114,43,32,530,45,57,62,299,119,74,56,280,293,63,79,671,152,85,68,504,20,55,68,28,223,99,43,228,332,70,48
81,200,3,0,0,100,56,192,4,0,0,100,15:57:15,11607,200,595,108,20,306,73,43,631,507,82,63,303,206,42,84,451,106,87,34,475,312,76,87,94,106,39,83,328,54,73,52,177,514,70,49,497,50,86,70,273,234,53,99,579,212,73,86,689,25,36,53,77,419,41,70,37,527,60,40,226,170,76,72,654,167,42,76,404,303,47,42,380,143,37,91,515,329,89,30,621,34,31,88,715,58,68,64,556,8,31,72,268,114,43,32,530,45,57,62,299,119,74,56,280,293,63,79,671,152,85,68,504,20,55,68,28,223,99,43,228,332,70,48
81,201,3,0,0,100,56,192,4,0,0,100,15:57:15,11643,200,595,108,20,306,73,43,631,507,82,63,303,206,42,84,451,106,87,34,475,312,76,87,94,106,39,83,328,54,73,52,177,514,70,49,497,50,86,70,273,234,53,99,579,212,73,86,689,25,36,53,77,419,41,70,37,527,60,40,226,170,76,72,654,167,42,76,404,303,47,42,380,143,37,91,515,329,89,30,621,34,31,88,715,58,68,64,556,8,31,72,268,114,43,32,530,45,57,62,299,119,74,56,280,293,63,79,671,152,85,68,504,20,55,68,28,223,99,43,228,332,70,48
81,202,3,0,0,100,56,192,4,0,0,100,15:57:15,11679,200,595,108,20,306,73,43,631,507,82,63,303,206,42,84,451,106,87,34,475,312,76,87,94,106,39,83,328,54,73,52,177,514,70,49,497,50,86,70,273,234,53,99,579,212,73,86,689,25,36,53,77,419,41,70,37,527,60,40,226,170,76,72,654,167,42,76,404,303,47,42,380,143,37,91,515,329,89,30,621,34,31,88,715,58,68,64,556,8,31,72,268,114,43,32,530,45,57,62,299,119,74,56,280,293,63,79,671,152,85,68,504,20,55,68,28,223,99,43,228,332,70,48
81,203,3,0,0,100,56,192,4,0,0,100,15:57:15,11714,200,595,108,20,306,73,43,631,507,82,63,303,206,42,84,451,106,87,34,475,312,76,87,94,106,39,83,328,54,73,52,177,514,70,49,497,50,86,70,273,234,53,99,579,212,73,86,689,25,36,53,77,419,41,70,37,527,60,40,226,170,76,72,654,167,42,76,404,303,47,42,380,143,37,91,515,329,89,30,621,34,31,88,715,58,68,64,556,8,31,72,268,114,43,32,530,45,57,62,299,119,74,56,280,293,63,79,671,152,85,68,504,20,55,68,28,223,99,43,228,332,70,48
81,204,3,0,0,100,56,192,4,0,0,100,15:57:15,11750,200,595,108,20,306,73,43,631,507,82,63,303,206,42,84,451,106,87,34,475,312,76,87,94,106,39,83,328,54,73,52,177,514,70,49,497,50,86,70,273,234,53,99,579,212,73,86,689,25,36,53,77,419,41,70,37,527,60,40,226,170,76,72,654,167,42,76,404,303,47,42,380,143,37,91,515,329,89,30,621,34,31,88,715,58,68,64,556,8,31,72,268,114,43,32,530,45,57,62,299,119,74,56,280,293,63,79,671,152,85,68,504,20,55,68,28,223,99,43,228,332,70,48
82,204,1,0,0,100,56,192,4,0,0,100,15:57:15,11857,200,595,108,20,306,73,43,631,507,82,63,303,206,42,84,451,106,87,34,475,312,76,87,94,106,39,83,328,54,73,52,177,514,70,49,497,50,86,70,273,234,53,99,579,212,73,86,689,25,36,53,77,419,41,70,37,527,60,40,226,170,76,72,654,167,42,76,404,303,47,42,380,143,37,91,515,329,89,30,621,34,31,88,715,58,68,64,556,8,31,72,268,114,43,32,530,45,57,62,299,119,74,56,280,293,63,79,671,152,85,68,504,20,55,68,28,223,99,43,228,332,70,48
83,204,1,0,0,100,56,192,4,0,0,100,15:57:15,11893,200,595,108,20,306,73,43,631,507,82,63,303,206,42,84,451,106,87,34,475,312,76,87,94,106,39,83,328,54,73,52,177,514,70,49,497,50,86,70,273,234,53,99,579,212,73,86,689,25,36,53,77,419,41,70,37,527,60,40,226,170,76,72,654,167,42,76,404,303,47,42,380,143,37,91,515,329,89,30,621,34,31,88,715,58,68,64,556,8,31,72,268,114,43,32,530,45,57,62,299,119,74,56,280,293,63,79,671,152,85,68,504,20,55,68,28,223,99,43,228,332,70,48
84,204,1,0,0,100,56,192,4,0,0,100,15:57:15,11929,200,595,108,20,306,73,43,631,507,82,63,303,206,42,84,451,106,87,34,475,312,76,87,94,106,39,83,328,54,73,52,177,514,70,49,497,50,86,70,273,234,53,99,579,212,73,86,689,25,36,53,77,419,41,70,37,527,60,40,226,170,76,72,654,167,42,76,404,303,47,42,380,143,37,91,515,329,89,30,621,34,31,88,715,58,68,64,556,8,31,72,268,114,43,32,530,45,57,62,299,119,74,56,280,293,63,79,671,152,85,68,504,20,55,68,28,223,99,43,228,332,70,48
85,204,1,0,0,100,56,192,4,0,0,100,15:57:15,11964,200,595,108,20,306,73,43,631,507,82,63,303,206,42,84,451,106,87,34,475,312,76,87,94,106,39,83,328,54,73,52,177,514,70,49,497,50,86,70,273,234,53,99,579,212,73,86,689,25,36,53,77,419,41,70,37,527,60,40,226,170,76,72,654,167,42,76,404,303,47,42,380,143,37,91,515,329,89,30,621,34,31,88,715,58,68,64,556,8,31,72,268,114,43,32,530,45,57,62,299,119,74,56,280,293,63,79,671,152,85,68,504,20,55,68,28,223,99,43,228,332,70,48
86,204,1,0,0,100,56,192,4,0,0,100,15:57:16,12000,200,595,108,20,306,73,43,631,507,82,63,303,206,42,84,451,106,87,34,475,312,76,87,94,106,39,83,328,54,73,52,177,514,70,49,497,50,86,70,273,234,53,99,579,212,73,86,689,25,36,53,77,419,41,70,37,527,60,40,226,170,76,72,654,167,42,76,404,303,47,42,380,143,37,91,515,329,89,30,621,34,31,88,715,58,68,64,556,8,31,72,268,114,43,32,530,45,57,62,299,119,74,56,280,293,63,79,671,152,85,68,504,20,55,68,28,223,99,43,228,332,70,48
87,204,1,0,0,100,56,192,4,0,0,100,15:57:16,12036,200,595,108,20,306,73,43,631,507,82,63,303,206,42,84,451,106,87,34,475,312,76,87,94,106,39,83,328,54,73,52,177,514,70,49,497,50,86,70,273,234,53,99,579,212,73,86,689,25,36,53,77,419,41,70,37,527,60,40,226,170,76,72,654,167,42,76,404,303,47,42,380,143,37,91,515,329,89,30,621,34,31,88,715,58,68,64,556,8,31,72,268,114,43,32,530,45,57,62,299,119,74,56,280,293,63,79,671,152,85,68,504,20,55,68,28,223,99,43,228,332,70,48
88,204,1,0,0,100,56,192,4,0,0,100,15:57:16,12071,200,595,108,20,306,73,43,631,507,82,63,303,206,42,84,451,106,87,34,475,312,76,87,94,106,39,83,328,54,73,52,177,514,70,49,497,50,86,70,273,234,53,99,579,212,73,86,689,25,36,53,77,419,41,70,37,527,60,40,226,170,76,72,654,167,42,76,404,303,47,42,380,143,37,91,515,329,89,30,621,34,31,88,715,58,68,64,556,8,31,72,268,114,43,32,530,45,57,62,299,119,74,56,280,293,63,79,671,152,85,68,504,20,55,68,28,223,99,43,228,332,70,48
89,204,1,0,0,100,56,192,4,0,0,100,15:57:16,12107,200,595,108,20,306,73,43,631,507,82,63,303,206,42,84,451,106,87,34,475,312,76,87,94,106,39,83,328,54,73,52,177,514,70,49,497,50,86,70,273,234,53,99,579,212,73,86,689,25,36,53,77,419,41,70,37,527,60,40,226,170,76,72,654,167,42,76,404,303,47,42,380,143,37,91,515,329,89,30,621,34,31,88,715,58,68,64,556,8,31,72,268,114,43,32,530,45,57,62,299,119,74,56,280,293,63,79,671,152,85,68,504,20,55,68,28,223,99,43,228,332,70,48
90,204,1,0,0,100,56,192,4,0,0,100,15:57:16,12143,200,595,108,20,306,73,43,631,507,82,63,303,206,42,84,451,106,87,34,475,312,76,87,94,106,39,83,328,54,73,52,177,514,70,49,497,50,86,70,273,234,53,99,579,212,73,86,689,25,36,53,77,419,41,70,37,527,60,40,226,170,76,72,654,167,42,76,404,303,47,42,380,143,37,91,515,329,89,30,621,34,31,88,715,58,68,64,556,8,31,72,268,114,43,32,530,45,57,62,299,119,74,56,280,293,63,79,671,152,85,68,504,20,55,68,28,223,99,43,228,332,70,48
91,204,1,0,0,100,56,192,4,0,0,100,15:57:16,12179,200,595,108,20,306,73,43,631,507,82,63,303,206,42,84,451,106,87,34,475,312,76,87,94,106,39,83,328,54,73,52,177,514,70,49,497,50,86,70,273,234,53,99,579,212,73,86,689,25,36,53,77,419,41,70,37,527,60,40,226,170,76,72,654,167,42,76,404,303,47,42,380,143,37,91,515,329,89,30,621,34,31,88,715,58,68,64,556,8,31,72,268,114,43,32,530,45,57,62,299,119,74,56,280,293,63,79,671,152,85,68,504,20,55,68,28,223,99,43,228,332,70,48
92,204,1,0,0,100,56,192,4,0,0,100,15:57:16,12214,200,595,108,20,306,73,43,631,507,82,63,303,206,42,84,451,106,87,34,475,312,76,87,94,106,39,83,328,54,73,52,177,514,70,49,497,50,86,70,273,234,53,99,579,212,73,86,689,25,36,53,77,419,41,70,37,527,60,40,226,170,76,72,654,167,42,76,404,303,47,42,380,143,37,91,515,329,89,30,621,34,31,88,715,58,68,64,556,8,31,72,268,114,43,32,530,45,57,62,299,119,74,56,280,293,63,79,671,152,85,68,504,20,55,68,28,223,99,43,228,332,70,48
93,204,1,0,0,100,56,192,4,0,0,100,15:57:16,12250,200,595,108,20,306,73,43,631,507,82,63,303,206,42,84,451,106,87,34,475,312,76,87,94,106,39,83,328,54,73,52,177,514,70,49,497,50,86,70,273,234,53,99,579,212,73,86,689,25,36,53,77,419,41,70,37,527,60,40,226,170,76,72,654,167,42,76,404,303,47,42,380,143,37,91,515,329,89,30,621,34,31,88,715,58,68,64,556,8,31,72,268,114,43,32,530,45,57,62,299,119,74,56,280,293,63,79,671,152,85,68,504,20,55,68,28,223,99,43,228,332,70,48
94,204,1,0,0,100,56,192,4,0,0,100,15:57:16,12286,200,595,108,20,306,73,43,631,507,82,63,303,206,42,84,451,106,87,34,475,312,76,87,94,106,39,83,328,54,73,52,177,514,70,49,497,50,86,70,273,234,53,99,579,212,73,86,689,25,36,53,77,419,41,70,37,527,60,40,226,170,76,72,654,167,42,76,404,303,47,42,380,143,37,91,515,329,89,30,621,34,31,88,715,58,68,64,556,8,31,72,268,114,43,32,530,45,57,62,299,119,74,56,280,293,63,79,671,152,85,68,504,20,55,68,28,223,99,43,228,332,70,48
95,204,1,0,0,100,56,192,4,0,0,100,15:57:16,12321,200,595,108,20,306,73,43,631,507,82,63,303,206,42,84,451,106,87,34,475,312,76,87,94,106,39,83,328,54,73,52,177,514,70,49,497,50,86,70,273,234,53,99,579,212,73,86,689,25,36,53,77,419,41,70,37,527,60,40,226,170,76,72,654,167,42,76,404,303,47,42,380,143,37,91,515,329,89,30,621,34,31,88,715,58,68,64,556,8,31,72,268,114,43,32,530,45,57,62,299,119,74,56,280,293,63,79,671,152,85,68,504,20,55,68,28,223,99,43,228,332,70,48
96,204,1,0,0,100,56,192,4,0,0,100,15:57:16,12357,200,595,108,20,306,73,43,631,507,82,63,303,206,42,84,451,106,87,34,475,312,76,87,94,106,39,83,328,54,73,52,177,514,70,49,497,50,86,70,273,234,53,99,579,212,73,86,689,25,36,53,77,419,41,70,37,527,60,40,226,170,76,72,654,167,42,76,404,303,47,42,380,143,37,91,515,329,89,30,621,34,31,88,715,58,68,64,556,8,31,72,268,114,43,32,530,45,57,62,299,119,74,56,280,293,63,79,671,152,85,68,504,20,55,68,28,223,99,43,228,332,70,48
97,204,1,0,0,100,56,192,4,0,0,100,15:57:16,12393,200,595,108,20,306,73,43,631,507,82,63,303,206,42,84,451,106,87,34,475,312,76,87,94,106,39,83,328,54,73,52,177,514,70,49,497,50,86,70,273,234,53,99,579,212,73,86,689,25,36,53,77,419,41,70,37,527,60,40,226,170,76,72,654,167,42,76,404,303,47,42,380,143,37,91,515,329,89,30,621,34,31,88,715,58,68,64,556,8,31,72,268,114,43,32,530,45,57,62,299,119,74,56,280,293,63,79,671,152,85,68,504,20,55,68,28,223,99,43,228,332,70,48
98,204,1,0,0,100,56,192,4,0,0,100,15:57:16,12429,200,595,108,20,306,73,43,631,507,82,63,303,206,42,84,451,106,87,34,475,312,76,87,94,106,39,83,328,54,73,52,177,514,70,49,497,50,86,70,273,234,53,99,579,212,73,86,689,25,36,53,77,419,41,70,37,527,60,40,226,170,76,72,654,167,42,76,404,303,47,42,380,143,37,91,515,329,89,30,621,34,31,88,715,58,68,64,556,8,31,72,268,114,43,32,530,45,57,62,299,119,74,56,280,293,63,79,671,152,85,68,504,20,55,68,28,223,99,43,228,332,70,48
99,204,1,0,0,100,56,192,4,0,0,100,15:57:16,12464,200,595,108,20,306,73,43,631,507,82,63,303,206,42,84,451,106,87,34,475,312,76,87,94,106,39,83,328,54,73,52,177,514,70,49,497,50,86,70,273,234,53,99,579,212,73,86,689,25,36,53,77,419,41,70,37,527,60,40,226,170,76,72,654,167,42,76,404,303,47,42,380,143,37,91,515,329,89,30,621,34,31,88,715,58,68,64,556,8,31,72,268,114,43,32,530,45,57,62,299,119,74,56,280,293,63,79,671,152,85,68,504,20,55,68,28,223,99,43,228,332,70,48
100,204,1,0,0,100,56,192,4,0,0,100,15:57:16,12500,200,595,108,20,306,73,43,631,507,82,63,303,206,42,84,451,106,87,34,475,312,76,87,94,106,39,83,328,54,73,52,177,514,70,49,497,50,86,70,273,234,53,99,579,212,73,86,689,25,36,53,77,419,41,70,37,527,60,40,226,170,76,72,654,167,42,76,404,303,47,42,380,143,37,91,515,329,89,30,621,34,31,88,715,58,68,64,556,8,31,72,268,114,43,32,530,45,57,62,299,119,74,56,280,293,63,79,671,152,85,68,504,20,55,68,28,223,99,43,228,332,70,48
101,204,1,0,0,100,56,192,4,0,0,100,15:57:16,12536,200,595,108,20,306,73,43,631,507,82,63,303,206,42,84,451,106,87,34,475,312,76,87,94,106,39,83,328,54,73,52,177,514,70,49,497,50,86,70,273,234,53,99,579,212,73,86,689,25,36,53,77,419,41,70,37,527,60,40,226,170,76,72,654,167,42,76,404,303,47,42,380,143,37,91,515,329,89,30,621,34,31,88,715,58,68,64,556,8,31,72,268,114,43,32,530,45,57,62,299,119,74,56,280,293,63,79,671,152,85,68,504,20,55,68,28,223,99,43,228,332,70,48
102,204,1,0,0,100,56,192,4,0,0,100,15:57:16,12571,200,595,108,20,306,73,43,631,507,82,63,303,206,42,84,451,106,87,34,475,312,76,87,94,106,39,83,328,54,73,52,177,514,70,49,497,50,86,70,273,234,53,99,579,212,73,86,689,25,36,53,77,419,41,70,37,527,60,40,226,170,76,72,654,167,42,76,404,303,47,42,380,143,37,91,515,329,89,30,621,34,31,88,715,58,68,64,556,8,31,72,268,114,43,32,530,45,57,62,299,119,74,56,280,293,63,79,671,152,85,68,504,20,55,68,28,223,99,43,228,332,70,48
103,204,1,0,0,100,56,192,4,0,0,100,15:57:16,12607,200,595,108,20,306,73,43,631,507,82,63,303,206,42,84,451,106,87,34,475,312,76,87,94,106,39,83,328,54,73,52,177,514,70,49,497,50,86,70,273,234,53,99,579,212,73,86,689,25,36,53,77,419,41,70,37,527,60,40,226,170,76,72,654,167,42,76,404,303,47,42,380,143,37,91,515,329,89,30,621,34,31,88,715,58,68,64,556,8,31,72,268,114,43,32,530,45,57,62,299,119,74,56,280,293,63,79,671,152,85,68,504,20,55,68,28,223,99,43,228,332,70,48
104,204,1,0,0,100,56,192,4,0,0,100,15:57:16,12643,200,595,108,20,306,73,43,631,507,82,63,303,206,42,84,451,106,87,34,475,312,76,87,94,106,39,83,328,54,73,52,177,514,70,49,497,50,86,70,273,234,53,99,579,212,73,86,689,25,36,53,77,419,41,70,37,527,60,40,226,170,76,72,654,167,42,76,404,303,47,42,380,143,37,91,515,329,89,30,621,34,31,88,715,58,68,64,556,8,31,72,268,114,43,32,530,45,57,62,299,119,74,56,280,293,63,79,671,152,85,68,504,20,55,68,28,223,99,43,228,332,70,48
105,204,1,0,0,100,56,192,4,0,0,100,15:57:16,12679,200,595,108,20,306,73,43,631,507,82,63,303,206,42,84,451,106,87,34,475,312,76,87,94,106,39,83,328,54,73,52,177,514,70,49,497,50,86,70,273,234,53,99,579,212,73,86,689,25,36,53,77,419,41,70,37,527,60,40,226,170,76,72,654,167,42,76,404,303,47,42,380,143,37,91,515,329,89,30,621,34,31,88,715,58,68,64,556,8,31,72,268,114,43,32,530,45,57,62,299,119,74,56,280,293,63,79,671,152,85,68,504,20,55,68,28,223,99,43,228,332,70,48
105,204,1,0,0,100,56,192,4,0,0,100,15:57:16,12714,200,595,108,20,306,73,43,631,507,82,63,303,206,42,84,451,106,87,34,475,312,76,87,94,106,39,83,328,54,73,52,177,514,70,49,497,50,86,70,273,234,53,99,579,212,73,86,689,25,36,53,77,419,41,70,37,527,60,40,226,170,76,72,654,167,42,76,404,303,47,42,380,143,37,91,515,329,89,30,621,34,31,88,715,58,68,64,556,8,31,72,268,114,43,32,530,45,57,62,299,119,74,56,280,293,63,79,671,152,85,68,504,20,55,68,28,223,99,43,228,332,70,48
105,204,1,0,0,100,56,192,4,0,0,100,15:57:16,12750,200,595,108,20,306,73,43,631,507,82,63,303,206,42,84,451,106,87,34,475,312,76,87,94,106,39,83,328,54,73,52,177,514,70,49,497,50,86,70,273,234,53,99,579,212,73,86,689,25,36,53,77,419,41,70,37,527,60,40,226,170,76,72,654,167,42,76,404,303,47,42,380,143,37,91,515,329,89,30,621,34,31,88,715,58,68,64,556,8,31,72,268,114,43,32,530,45,57,62,299,119,74,56,280,293,63,79,671,152,85,68,504,20,55,68,28,223,99,43,228,332,70,48
105,204,1,0,0,100,56,192,4,0,0,100,15:57:16,12786,200,595,108,20,306,73,43,631,507,82,63,303,206,42,84,451,106,87,34,475,312,76,87,94,106,39,83,328,54,73,52,177,514,70,49,497,50,86,70,273,234,53,99,579,212,73,86,689,25,36,53,77,419,41,70,37,527,60,40,226,170,76,72,654,167,42,76,404,303,47,42,380,143,37,91,515,329,89,30,621,34,31,88,715,58,68,64,556,8,31,72,268,114,43,32,530,45,57,62,299,119,74,56,280,293,63,79,671,152,85,68,504,20,55,68,28,223,99,43,228,332,70,48
105,204,1,0,0,100,56,192,4,0,0,100,15:57:16,12821,200,595,108,20,306,73,43,631,507,82,63,303,206,42,84,451,106,87,34,475,312,76,87,94,106,39,83,328,54,73,52,177,514,70,49,497,50,86,70,273,234,53,99,579,212,73,86,689,25,36,53,77,419,41,70,37,527,60,40,226,170,76,72,654,167,42,76,404,303,47,42,380,143,37,91,515,329,89,30,621,34,31,88,715,58,68,64,556,8,31,72,268,114,43,32,530,45,57,62,299,119,74,56,280,293,63,79,671,152,85,68,504,20,55,68,28,223,99,43,228,332,70,48
105,204,1,0,0,100,56,192,4,0,0,100,15:57:16,12857,200,595,108,20,306,73,43,631,507,82,63,303,206,42,84,451,106,87,34,475,312,76,87,94,106,39,83,328,54,73,52,177,514,70,49,497,50,86,70,273,234,53,99,579,212,73,86,689,25,36,53,77,419,41,70,37,527,60,40,226,170,76,72,654,167,42,76,404,303,47,42,380,143,37,91,515,329,89,30,621,34,31,88,715,58,68,64,556,8,31,72,268,114,43,32,530,45,57,62,299,119,74,56,280,293,63,79,671,152,85,68,504,20,55,68,28,223,99,43,228,332,70,48
105,204,1,0,0,100,56,192,4,0,0,100,15:57:16,12893,200,595,108,20,306,73,43,631,507,82,63,303,206,42,84,451,106,87,34,475,312,76,87,94,106,39,83,328,54,73,52,177,514,70,49,497,50,86,70,273,234,53,99,579,212,73,86,689,25,36,53,77,419,41,70,37,527,60,40,226,170,76,72,654,167,42,76,404,303,47,42,380,143,37,91,515,329,89,30,621,34,31,88,715,58,68,64,556,8,31,72,268,114,43,32,530,45,57,62,299,119,74,56,280,293,63,79,671,152,85,68,504,20,55,68,28,223,99,43,228,332,70,48
105,204,1,0,0,100,56,192,4,0,0,100,15:57:16,12929,200,595,108,20,306,73,43,631,507,82,63,303,206,42,84,451,106,87,34,475,312,76,87,94,106,39,83,328,54,73,52,177,514,70,49,497,50,86,70,273,234,53,99,579,212,73,86,689,25,36,53,77,419,41,70,37,527,60,40,226,170,76,72,654,167,42,76,404,303,47,42,380,143,37,91,515,329,89,30,621,34,31,88,715,58,68,64,556,8,31,72,268,114,43,32,530,45,57,62,299,119,74,56,280,293,63,79,671,152,85,68,504,20,55,68,28,223,99,43,228,332,70,48
105,204,1,0,0,100,56,192,4,0,0,100,15:57:16,12964,200,595,108,20,306,73,43,631,507,82,63,303,206,42,84,451,106,87,34,475,312,76,87,94,106,39,83,328,54,73,52,177,514,70,49,497,50,86,70,273,234,53,99,579,212,73,86,689,25,36,53,77,419,41,70,37,527,60,40,226,170,76,72,654,167,42,76,404,303,47,42,380,143,37,91,515,329,89,30,621,34,31,88,715,58,68,64,556,8,31,72,268,114,43,32,530,45,57,62,299,119,74,56,280,293,63,79,671,152,85,68,504,20,55,68,28,223,99,43,228,332,70,48
105,204,1,0,0,100,56,192,4,0,0,100,15:57:17,13000,200,595,108,20,306,73,43,631,507,82,63,303,206,42,84,451,106,87,34,475,312,76,87,94,106,39,83,328,54,73,52,177,514,70,49,497,50,86,70,273,234,53,99,579,212,73,86,689,25,36,53,77,419,41,70,37,527,60,40,226,170,76,72,654,167,42,76,404,303,47,42,380,143,37,91,515,329,89,30,621,34,31,88,715,58,68,64,556,8,31,72,268,114,43,32,530,45,57,62,299,119,74,56,280,293,63,79,671,152,85,68,504,20,55,68,28,223,99,43,228,332,70,48
105,204,1,0,0,100,56,192,4,0,0,100,15:57:17,13037,200,595,108,20,306,73,43,631,507,82,63,303,206,42,84,451,106,87,34,475,312,76,87,94,106,39,83,328,54,73,52,177,514,70,49,497,50,86,70,273,234,53,99,579,212,73,86,689,25,36,53,77,419,41,70,37,527,60,40,226,170,76,72,654,167,42,76,404,303,47,42,380,143,37,91,515,329,89,30,621,34,31,88,715,58,68,64,556,8,31,72,268,114,43,32,530,45,57,62,299,119,74,56,280,293,63,79,671,152,85,68,504,20,55,68,28,223,99,43,228,332,70,48
105,204,1,0,0,100,56,192,4,0,0,100,15:57:17,13074,200,595,108,20,306,73,43,631,507,82,63,303,206,42,84,451,106,87,34,475,312,76,87,94,106,39,83,328,54,73,52,177,514,70,49,497,50,86,70,273,234,53,99,579,212,73,86,689,25,36,53,77,419,41,70,37,527,60,40,226,170,76,72,654,167,42,76,404,303,47,42,380,143,37,91,515,329,89,30,621,34,31,88,715,58,68,64,556,8,31,72,268,114,43,32,530,45,57,62,299,119,74,56,280,293,63,79,671,152,85,68,504,20,55,68,28,223,99,43,228,332,70,48
105,204,1,0,0,100,56,192,4,0,0,100,15:57:17,13111,200,595,108,20,306,73,43,631,507,82,63,303,206,42,84,451,106,87,34,475,312,76,87,94,106,39,83,328,54,73,52,177,514,70,49,497,50,86,70,273,234,53,99,579,212,73,86,689,25,36,53,77,419,41,70,37,527,60,40,226,170,76,72,654,167,42,76,404,303,47,42,380,143,37,91,515,329,89,30,621,34,31,88,715,58,68,64,556,8,31,72,268,114,43,32,530,45,57,62,299,119,74,56,280,293,63,79,671,152,85,68,504,20,55,68,28,223,99,43,228,332,70,48
105,204,1,0,0,100,56,192,4,0,0,100,15:57:17,13148,200,595,108,20,306,73,43,631,507,82,63,303,206,42,84,451,106,87,34,475,312,76,87,94,106,39,83,328,54,73,52,177,514,70,49,497,50,86,70,273,234,53,99,579,212,73,86,689,25,36,53,77,419,41,70,37,527,60,40,226,170,76,72,654,167,42,76,404,303,47,42,380,143,37,91,515,329,89,30,621,34,31,88,715,58,68,64,556,8,31,72,268,114,43,32,530,45,57,62,299,119,74,56,280,293,63,79,671,152,85,68,504,20,55,68,28,223,99,43,228,332,70,48
105,204,1,0,0,100,56,192,4,0,0,100,15:57:17,13185,200,595,108,20,306,73,43,631,507,82,63,303,206,42,84,451,106,87,34,475,312,76,87,94,106,39,83,328,54,73,52,177,514,70,49,497,50,86,70,273,234,53,99,579,212,73,86,689,25,36,53,77,419,41,70,37,527,60,40,226,170,76,72,654,167,42,76,404,303,47,42,380,143,37,91,515,329,89,30,621,34,31,88,715,58,68,64,556,8,31,72,268,114,43,32,530,45,57,62,299,119,74,56,280,293,63,79,671,152,85,68,504,20,55,68,28,223,99,43,228,332,70,48
105,204,1,0,0,100,56,192,4,0,0,100,15:57:17,13222,200,595,108,20,306,73,43,631,507,82,63,303,206,42,84,451,106,87,34,475,312,76,87,94,106,39,83,328,54,73,52,177,514,70,49,497,50,86,70,273,234,53,99,579,212,73,86,689,25,36,53,77,419,41,70,37,527,60,40,226,170,76,72,654,167,42,76,404,303,47,42,380,143,37,91,515,329,89,30,621,34,31,88,715,58,68,64,556,8,31,72,268,114,43,32,530,45,57,62,299,119,74,56,280,293,63,79,671,152,85,68,504,20,55,68,28,223,99,43,228,332,70,48
105,204,1,0,0,100,56,192,4,0,0,100,15:57:17,13259,200,595,108,20,306,73,43,631,507,82,63,303,206,42,84,451,106,87,34,475,312,76,87,94,106,39,83,328,54,73,52,177,514,70,49,497,50,86,70,273,234,53,99,579,212,73,86,689,25,36,53,77,419,41,70,37,527,60,40,226,170,76,72,654,167,42,76,404,303,47,42,380,143,37,91,515,329,89,30,621,34,31,88,715,58,68,64,556,8,31,72,268,114,43,32,530,45,57,62,299,119,74,56,280,293,63,79,671,152,85,68,504,20,55,68,28,223,99,43,228,332,70,48
105,204,1,0,0,100,56,192,4,0,0,100,15:57:17,13296,200,595,108,20,306,73,43,631,507,82,63,303,206,42,84,451,106,87,34,475,312,76,87,94,106,39,83,328,54,73,52,177,514,70,49,497,50,86,70,273,234,53,99,579,212,73,86,689,25,36,53,77,419,41,70,37,527,60,40,226,170,76,72,654,167,42,76,404,303,47,42,380,143,37,91,515,329,89,30,621,34,31,88,715,58,68,64,556,8,31,72,268,114,43,32,530,45,57,62,299,119,74,56,280,293,63,79,671,152,85,68,504,20,55,68,28,223,99,43,228,332,70,48
105,204,1,0,0,100,56,192,4,0,0,100,15:57:17,13333,200,595,108,20,306,73,43,631,507,82,63,303,206,42,84,451,106,87,34,475,312,76,87,94,106,39,83,328,54,73,52,177,514,70,49,497,50,86,70,273,234,53,99,579,212,73,86,689,25,36,53,77,419,41,70,37,527,60,40,226,170,76,72,654,167,42,76,404,303,47,42,380,143,37,91,515,329,89,30,621,34,31,88,715,58,68,64,556,8,31,72,268,114,43,32,530,45,57,62,299,119,74,56,280,293,63,79,671,152,85,68,504,20,55,68,28,223,99,43,228,332,70,48
105,204,1,0,0,100,56,192,4,0,0,100,15:57:17,13370,200,595,108,20,306,73,43,631,507,82,63,303,206,42,84,451,106,87,34,475,312,76,87,94,106,39,83,328,54,73,52,177,514,70,49,497,50,86,70,273,234,53,99,579,212,73,86,689,25,36,53,77,419,41,70,37,527,60,40,226,170,76,72,654,167,42,76,404,303,47,42,380,143,37,91,515,329,89,30,621,34,31,88,715,58,68,64,556,8,31,72,268,114,43,32,530,45,57,62,299,119,74,56,280,293,63,79,671,152,85,68,504,20,55,68,28,223,99,43,228,332,70,48
105,204,1,0,0,100,56,192,4,0,0,100,15:57:17,13407,200,595,108,20,306,73,43,631,507,82,63,303,206,42,84,451,106,87,34,475,312,76,87,94,106,39,83,328,54,73,52,177,514,70,49,497,50,86,70,273,234,53,99,579,212,73,86,689,25,36,53,77,419,41,70,37,527,60,40,226,170,76,72,654,167,42,76,404,303,47,42,380,143,37,91,515,329,89,30,621,34,31,88,715,58,68,64,556,8,31,72,268,114,43,32,530,45,57,62,299,119,74,56,280,293,63,79,671,152,85,68,504,20,55,68,28,223,99,43,228,332,70,48
105,204,1,0,0,100,56,192,4,0,0,100,15:57:17,13444,200,595,108,20,306,73,43,631,507,82,63,303,206,42,84,451,106,87,34,475,312,76,87,94,106,39,83,328,54,73,52,177,514,70,49,497,50,86,70,273,234,53,99,579,212,73,86,689,25,36,53,77,419,41,70,37,527,60,40,226,170,76,72,654,167,42,76,404,303,47,42,380,143,37,91,515,329,89,30,621,34,31,88,715,58,68,64,556,8,31,72,268,114,43,32,530,45,57,62,299,119,74,56,280,293,63,79,671,152,85,68,504,20,55,68,28,223,99,43,228,332,70,48
106,204,1,0,0,100,57,192,1,0,0,100,15:57:17,13481,200,595,108,20,306,73,43,631,507,82,63,303,206,42,84,451,106,87,34,475,312,76,87,94,106,39,83,328,54,73,52,177,514,70,49,497,50,86,70,273,234,53,99,579,212,73,86,689,25,36,53,77,419,41,70,37,527,60,40,226,170,76,72,654,167,42,76,404,303,47,42,380,143,37,91,515,329,89,30,621,34,31,88,715,58,68,64,556,8,31,72,268,114,43,32,530,45,57,62,299,119,74,56,280,293,63,79,671,152,85,68,504,20,55,68,28,223,99,43,228,332,70,48
107,204,1,0,0,100,58,192,1,0,0,100,15:57:17,13519,200,595,108,20,306,73,43,631,507,82,63,303,206,42,84,451,106,87,34,475,312,76,87,94,106,39,83,328,54,73,52,177,514,70,49,497,50,86,70,273,234,53,99,579,212,73,86,689,25,36,53,77,419,41,70,37,527,60,40,226,170,76,72,654,167,42,76,404,303,47,42,380,143,37,91,515,329,89,30,621,34,31,88,715,58,68,64,556,8,31,72,268,114,43,32,530,45,57,62,299,119,74,56,280,293,63,79,671,152,85,68,504,20,55,68,28,223,99,43,228,332,70,48
108,204,1,0,0,100,59,192,1,0,0,100,15:57:17,13556,200,595,108,20,306,73,43,631,507,82,63,303,206,42,84,451,106,87,34,475,312,76,87,94,106,39,83,328,54,73,52,177,514,70,49,497,50,86,70,273,234,53,99,579,212,73,86,689,25,36,53,77,419,41,70,37,527,60,40,226,170,76,72,654,167,42,76,404,303,47,42,380,143,37,91,515,329,89,30,621,34,31,88,715,58,68,64,556,8,31,72,268,114,43,32,530,45,57,62,299,119,74,56,280,293,63,79,671,152,85,68,504,20,55,68,28,223,99,43,228,332,70,48
109,204,1,0,0,100,60,192,1,0,0,100,15:57:17,13593,200,595,108,20,306,73,43,631,507,82,63,303,206,42,84,451,106,87,34,475,312,76,87,94,106,39,83,328,54,73,52,177,514,70,49,497,50,86,70,273,234,53,99,579,212,73,86,689,25,36,53,77,419,41,70,37,527,60,40,226,170,76,72,654,167,42,76,404,303,47,42,380,143,37,91,515,329,89,30,621,34,31,88,715,58,68,64,556,8,31,72,268,114,43,32,530,45,57,62,299,119,74,56,280,293,63,79,671,152,85,68,504,20,55,68,28,223,99,43,228,332,70,48
110,204,1,0,0,100,61,192,1,0,0,100,15:57:17,13630,200,595,108,20,306,73,43,631,507,82,63,303,206,42,84,451,106,87,34,475,312,76,87,94,106,39,83,328,54,73,52,177,514,70,49,497,50,86,70,273,234,53,99,579,212,73,86,689,25,36,53,77,419,41,70,37,527,60,40,226,170,76,72,654,167,42,76,404,303,47,42,380,143,37,91,515,329,89,30,621,34,31,88,715,58,68,64,556,8,31,72,268,114,43,32,530,45,57,62,299,119,74,56,280,293,63,79,671,152,85,68,504,20,55,68,28,223,99,43,228,332,70,48
111,204,1,0,0,100,62,192,1,0,0,100,15:57:17,13667,200,595,108,20,306,73,43,631,507,82,63,303,206,42,84,451,106,87,34,475,312,76,87,94,106,39,83,328,54,73,52,177,514,70,49,497,50,86,70,273,234,53,99,579,212,73,86,689,25,36,53,77,419,41,70,37,527,60,40,226,170,76,72,654,167,42,76,404,303,47,42,380,143,37,91,515,329,89,30,621,34,31,88,715,58,68,64,556,8,31,72,268,114,43,32,530,45,57,62,299,119,74,56,280,293,63,79,671,152,85,68,504,20,55,68,28,223,99,43,228,332,70,48
112,204,1,0,0,100,63,192,1,0,0,100,15:57:17,13704,200,595,108,20,306,73,43,631,507,82,63,303,206,42,84,451,106,87,34,475,312,76,87,94,106,39,83,328,54,73,52,177,514,70,49,497,50,86,70,273,234,53,99,579,212,73,86,689,25,36,53,77,419,41,70,37,527,60,40,226,170,76,72,654,167,42,76,404,303,47,42,380,143,37,91,515,329,89,30,621,34,31,88,715,58,68,64,556,8,31,72,268,114,43,32,530,45,57,62,299,119,74,56,280,293,63,79,671,152,85,68,504,20,55,68,28,223,99,43,228,332,70,48
113,204,1,0,0,100,64,192,1,0,0,100,15:57:17,13741,200,595,108,20,306,73,43,631,507,82,63,303,206,42,84,451,106,87,34,475,312,76,87,94,106,39,83,328,54,73,52,177,514,70,49,497,50,86,70,273,234,53,99,579,212,73,86,689,25,36,53,77,419,41,70,37,527,60,40,226,170,76,72,654,167,42,76,404,303,47,42,380,143,37,91,515,329,89,30,621,34,31,88,715,58,68,64,556,8,31,72,268,114,43,32,530,45,57,62,299,119,74,56,280,293,63,79,671,152,85,68,504,20,55,68,28,223,99,43,228,332,70,48
114,204,1,0,0,100,65,192,1,0,0,100,15:57:17,13778,200,595,108,20,306,73,43,631,507,82,63,303,206,42,84,451,106,87,34,475,312,76,87,94,106,39,83,328,54,73,52,177,514,70,49,497,50,86,70,273,234,53,99,579,212,73,86,689,25,36,53,77,419,41,70,37,527,60,40,226,170,76,72,654,167,42,76,404,303,47,42,380,143,37,91,515,329,89,30,621,34,31,88,715,58,68,64,556,8,31,72,268,114,43,32,530,45,57,62,299,119,74,56,280,293,63,79,671,152,85,68,504,20,55,68,28,223,99,43,228,332,70,48
115,204,1,0,0,100,66,192,1,0,0,100,15:57:17,13815,200,595,108,20,306,73,43,631,507,82,63,303,206,42,84,451,106,87,34,475,312,76,87,94,106,39,83,328,54,73,52,177,514,70,49,497,50,86,70,273,234,53,99,579,212,73,86,689,25,36,53,77,419,41,70,37,527,60,40,226,170,76,72,654,167,42,76,404,303,47,42,380,143,37,91,515,329,89,30,621,34,31,88,715,58,68,64,556,8,31,72,268,114,43,32,530,45,57,62,299,119,74,56,280,293,63,79,671,152,85,68,504,20,55,68,28,223,99,43,228,332,70,48
116,204,1,0,0,100,67,192,1,0,0,100,15:57:17,13852,200,595,108,20,306,73,43,631,507,82,63,303,206,42,84,451,106,87,34,475,312,76,87,94,106,39,83,328,54,73,52,177,514,70,49,497,50,86,70,273,234,53,99,579,212,73,86,689,25,36,53,77,419,41,70,37,527,60,40,226,170,76,72,654,167,42,76,404,303,47,42,380,143,37,91,515,329,89,30,621,34,31,88,715,58,68,64,556,8,31,72,268,114,43,32,530,45,57,62,299,119,74,56,280,293,63,79,671,152,85,68,504,20,55,68,28,223,99,43,228,332,70,48
117,204,1,0,0,100,68,192,1,0,0,100,15:57:17,13889,200,595,108,20,306,73,43,631,507,82,63,303,206,42,84,451,106,87,34,475,312,76,87,94,106,39,83,328,54,73,52,177,514,70,49,497,50,86,70,273,234,53,99,579,212,73,86,689,25,36,53,77,419,41,70,37,527,60,40,226,170,76,72,654,167,42,76,404,303,47,42,380,143,37,91,515,329,89,30,621,34,31,88,715,58,68,64,556,8,31,72,268,114,43,32,530,45,57,62,299,119,74,56,280,293,63,79,671,152,85,68,504,20,55,68,28,223,99,43,228,332,70,48
118,204,1,0,0,100,69,192,1,0,0,100,15:57:17,13926,200,595,108,20,306,73,43,631,507,82,63,303,206,42,84,451,106,87,34,475,312,76,87,94,106,39,83,328,54,73,52,177,514,70,49,497,50,86,70,273,234,53,99,579,212,73,86,689,25,36,53,77,419,41,70,37,527,60,40,226,170,76,72,654,167,42,76,404,303,47,42,380,143,37,91,515,329,89,30,621,34,31,88,715,58,68,64,556,8,31,72,268,114,43,32,530,45,57,62,299,119,74,56,280,293,63,79,671,152,85,68,504,20,55,68,28,223,99,43,228,332,70,48
119,204,1,0,0,100,70,192,1,0,0,100,15:57:17,13963,200,595,108,20,306,73,43,631,507,82,63,303,206,42,84,451,106,87,34,475,312,76,87,94,106,39,83,328,54,73,52,177,514,70,49,497,50,86,70,273,234,53,99,579,212,73,86,689,25,36,53,77,419,41,70,37,527,60,40,226,170,76,72,654,167,42,76,404,303,47,42,380,143,37,91,515,329,89,30,621,34,31,88,715,58,68,64,556,8,31,72,268,114,43,32,530,45,57,62,299,119,74,56,280,293,63,79,671,152,85,68,504,20,55,68,28,223,99,43,228,332,70,48
120,204,1,0,0,100,71,192,1,0,0,100,15:57:18,14000,200,595,108,20,306,73,43,631,507,82,63,303,206,42,84,451,106,87,34,475,312,76,87,94,106,39,83,328,54,73,52,177,514,70,49,497,50,86,70,273,234,53,99,579,212,73,86,689,25,36,53,77,419,41,70,37,527,60,40,226,170,76,72,654,167,42,76,404,303,47,42,380,143,37,91,515,329,89,30,621,34,31,88,715,58,68,64,556,8,31,72,268,114,43,32,530,45,57,62,299,119,74,56,280,293,63,79,671,152,85,68,504,20,55,68,28,223,99,43,228,332,70,48
121,204,1,0,0,100,72,192,1,0,0,100,15:57:18,14056,200,595,108,20,306,73,43,631,507,82,63,303,206,42,84,451,106,87,34,475,312,76,87,94,106,39,83,328,54,73,52,177,514,70,49,497,50,86,70,273,234,53,99,579,212,73,86,689,25,36,53,77,419,41,70,37,527,60,40,226,170,76,72,654,167,42,76,404,303,47,42,380,143,37,91,515,329,89,30,621,34,31,88,715,58,68,64,556,8,31,72,268,114,43,32,530,45,57,62,299,119,74,56,280,293,63,79,671,152,85,68,504,20,55,68,28,223,99,43,228,332,70,48
122,204,1,0,0,100,73,192,1,0,0,100,15:57:18,14111,200,595,108,20,306,73,43,631,507,82,63,303,206,42,84,451,106,87,34,475,312,76,87,94,106,39,83,328,54,73,52,177,514,70,49,497,50,86,70,273,234,53,99,579,212,73,86,689,25,36,53,77,419,41,70,37,527,60,40,226,170,76,72,654,167,42,76,404,303,47,42,380,143,37,91,515,329,89,30,621,34,31,88,715,58,68,64,556,8,31,72,268,114,43,32,530,45,57,62,299,119,74,56,280,293,63,79,671,152,85,68,504,20,55,68,28,223,99,43,228,332,70,48
123,204,1,0,0,100,74,192,1,0,0,100,15:57:18,14167,200,595,108,20,306,73,43,631,507,82,63,303,206,42,84,451,106,87,34,475,312,76,87,94,106,39,83,328,54,73,52,177,514,70,49,497,50,86,70,273,234,53,99,579,212,73,86,689,25,36,53,77,419,41,70,37,527,60,40,226,170,76,72,654,167,42,76,404,303,47,42,380,143,37,91,515,329,89,30,621,34,31,88,715,58,68,64,556,8,31,72,268,114,43,32,530,45,57,62,299,119,74,56,280,293,63,79,671,152,85,68,504,20,55,68,28,223,99,43,228,332,70,48
124,204,1,0,0,100,75,192,1,0,0,100,15:57:18,14222,200,595,108,20,306,73,43,631,507,82,63,303,206,42,84,451,106,87,34,475,312,76,87,94,106,39,83,328,54,73,52,177,514,70,49,497,50,86,70,273,234,53,99,579,212,73,86,689,25,36,53,77,419,41,70,37,527,60,40,226,170,76,72,654,167,42,76,404,303,47,42,380,143,37,91,515,329,89,30,621,34,31,88,715,58,68,64,556,8,31,72,268,114,43,32,530,45,57,62,299,119,74,56,280,293,63,79,671,152,85,68,504,20,55,68,28,223,99,43,228,332,70,48
125,204,1,0,0,100,76,192,1,0,0,100,15:57:18,14278,200,595,108,20,306,73,43,631,507,82,63,303,206,42,84,451,106,87,34,475,312,76,87,94,106,39,83,328,54,73,52,177,514,70,49,497,50,86,70,273,234,53,99,579,212,73,86,689,25,36,53,77,419,41,70,37,527,60,40,226,170,76,72,654,167,42,76,404,303,47,42,380,143,37,91,515,329,89,30,621,34,31,88,715,58,68,64,556,8,31,72,268,114,43,32,530,45,57,62,299,119,74,56,280,293,63,79,671,152,85,68,504,20,55,68,28,223,99,43,228,332,70,48
126,204,1,0,0,100,77,192,1,0,0,100,15:57:18,14333,200,595,108,20,306,73,43,631,507,82,63,303,206,42,84,451,106,87,34,475,312,76,87,94,106,39,83,328,54,73,52,177,514,70,49,497,50,86,70,273,234,53,99,579,212,73,86,689,25,36,53,77,419,41,70,37,527,60,40,226,170,76,72,654,167,42,76,404,303,47,42,380,143,37,91,515,329,89,30,621,34,31,88,715,58,68,64,556,8,31,72,268,114,43,32,530,45,57,62,299,119,74,56,280,293,63,79,671,152,85,68,504,20,55,68,28,223,99,43,228,332,70,48
127,204,1,0,0,100,78,192,1,0,0,100,15:57:18,14389,200,595,108,20,306,73,43,631,507,82,63,303,206,42,84,451,106,87,34,475,312,76,87,94,106,39,83,328,54,73,52,177,514,70,49,497,50,86,70,273,234,53,99,579,212,73,86,689,25,36,53,77,419,41,70,37,527,60,40,226,170,76,72,654,167,42,76,404,303,47,42,380,143,37,91,515,329,89,30,621,34,31,88,715,58,68,64,556,8,31,72,268,114,43,32,530,45,57,62,299,119,74,56,280,293,63,79,671,152,85,68,504,20,55,68,28,223,99,43,228,332,70,48
128,204,1,0,0,100,79,192,1,0,0,100,15:57:18,14444,200,595,108,20,306,73,43,631,507,82,63,303,206,42,84,451,106,87,34,475,312,76,87,94,106,39,83,328,54,73,52,177,514,70,49,497,50,86,70,273,234,53,99,579,212,73,86,689,25,36,53,77,419,41,70,37,527,60,40,226,170,76,72,654,167,42,76,404,303,47,42,380,143,37,91,515,329,89,30,621,34,31,88,715,58,68,64,556,8,31,72,268,114,43,32,530,45,57,62,299,119,74,56,280,293,63,79,671,152,85,68,504,20,55,68,28,223,99,43,228,332,70,48
129,204,1,0,0,100,80,192,1,0,0,100,15:57:18,14500,200,595,108,20,306,73,43,631,507,82,63,303,206,42,84,451,106,87,34,475,312,76,87,94,106,39,83,328,54,73,52,177,514,70,49,497,50,86,70,273,234,53,99,579,212,73,86,689,25,36,53,77,419,41,70,37,527,60,40,226,170,76,72,654,167,42,76,404,303,47,42,380,143,37,91,515,329,89,30,621,34,31,88,715,58,68,64,556,8,31,72,268,114,43,32,530,45,57,62,299,119,74,56,280,293,63,79,671,152,85,68,504,20,55,68,28,223,99,43,228,332,70,48
130,204,1,0,0,100,81,192,1,0,0,100,15:57:18,14555,200,595,108,20,306,73,43,631,507,82,63,303,206,42,84,451,106,87,34,475,312,76,87,94,106,39,83,328,54,73,52,177,514,70,49,497,50,86,70,273,234,53,99,579,212,73,86,689,25,36,53,77,419,41,70,37,527,60,40,226,170,76,72,654,167,42,76,404,303,47,42,380,143,37,91,515,329,89,30,621,34,31,88,715,58,68,64,556,8,31,72,268,114,43,32,530,45,57,62,299,119,74,56,280,293,63,79,671,152,85,68,504,20,55,68,28,223,99,43,228,332,70,48
131,204,1,0,0,100,82,192,1,0,0,100,15:57:18,14611,200,595,108,20,306,73,43,631,507,82,63,303,206,42,84,451,106,87,34,475,312,76,87,94,106,39,83,328,54,73,52,177,514,70,49,497,50,86,70,273,234,53,99,579,212,73,86,689,25,36,53,77,419,41,70,37,527,60,40,226,170,76,72,654,167,42,76,404,303,47,42,380,143,37,91,515,329,89,30,621,34,31,88,715,58,68,64,556,8,31,72,268,114,43,32,530,45,57,62,299,119,74,56,280,293,63,79,671,152,85,68,504,20,55,68,28,223,99,43,228,332,70,48
132,204,1,0,0,100,83,192,1,0,0,100,15:57:18,14666,200,595,108,20,306,73,43,631,507,82,63,303,206,42,84,451,106,87,34,475,312,76,87,94,106,39,83,328,54,73,52,177,514,70,49,497,50,86,70,273,234,53,99,579,212,73,86,689,25,36,53,77,419,41,70,37,527,60,40,226,170,76,72,654,167,42,76,404,303,47,42,380,143,37,91,515,329,89,30,621,34,31,88,715,58,68,64,556,8,31,72,268,114,43,32,530,45,57,62,299,119,74,56,280,293,63,79,671,152,85,68,504,20,55,68,28,223,99,43,228,332,70,48
133,204,1,0,0,100,84,192,1,0,0,100,15:57:18,14722,200,595,108,20,306,73,43,631,507,82,63,303,206,42,84,451,106,87,34,475,312,76,87,94,106,39,83,328,54,73,52,177,514,70,49,497,50,86,70,273,234,53,99,579,212,73,86,689,25,36,53,77,419,41,70,37,527,60,40,226,170,76,72,654,167,42,76,404,303,47,42,380,143,37,91,515,329,89,30,621,34,31,88,715,58,68,64,556,8,31,72,268,114,43,32,530,45,57,62,299,119,74,56,280,293,63,79,671,152,85,68,504,20,55,68,28,223,99,43,228,332,70,48
134,204,1,0,0,100,85,192,1,0,0,100,15:57:18,14777,200,595,108,20,306,73,43,631,507,82,63,303,206,42,84,451,106,87,34,475,312,76,87,94,106,39,83,328,54,73,52,177,514,70,49,497,50,86,70,273,234,53,99,579,212,73,86,689,25,36,53,77,419,41,70,37,527,60,40,226,170,76,72,654,167,42,76,404,303,47,42,380,143,37,91,515,329,89,30,621,34,31,88,715,58,68,64,556,8,31,72,268,114,43,32,530,45,57,62,299,119,74,56,280,293,63,79,671,152,85,68,504,20,55,68,28,223,99,43,228,332,70,48
135,204,1,0,0,100,86,192,1,0,0,100,15:57:18,14833,200,595,108,20,306,73,43,631,507,82,63,303,206,42,84,451,106,87,34,475,312,76,87,94,106,39,83,328,54,73,52,177,514,70,49,497,50,86,70,273,234,53,99,579,212,73,86,689,25,36,53,77,419,41,70,37,527,60,40,226,170,76,72,654,167,42,76,404,303,47,42,380,143,37,91,515,329,89,30,621,34,31,88,715,58,68,64,556,8,31,72,268,114,43,32,530,45,57,62,299,119,74,56,280,293,63,79,671,152,85,68,504,20,55,68,28,223,99,43,228,332,70,48
136,204,1,0,0,100,87,192,1,0,0,100,15:57:18,14888,200,595,108,20,306,73,43,631,507,82,63,303,206,42,84,451,106,87,34,475,312,76,87,94,106,39,83,328,54,73,52,177,514,70,49,497,50,86,70,273,234,53,99,579,212,73,86,689,25,36,53,77,419,41,70,37,527,60,40,226,170,76,72,654,167,42,76,404,303,47,42,380,143,37,91,515,329,89,30,621,34,31,88,715,58,68,64,556,8,31,72,268,114,43,32,530,45,57,62,299,119,74,56,280,293,63,79,671,152,85,68,504,20,55,68,28,223,99,43,228,332,70,48
137,204,1,0,0,100,88,192,1,0,0,100,15:57:18,14944,200,595,108,20,306,73,43,631,507,82,63,303,206,42,84,451,106,87,34,475,312,76,87,94,106,39,83,328,54,73,52,177,514,70,49,497,50,86,70,273,234,53,99,579,212,73,86,689,25,36,53,77,419,41,70,37,527,60,40,226,170,76,72,654,167,42,76,404,303,47,42,380,143,37,91,515,329,89,30,621,34,31,88,715,58,68,64,556,8,31,72,268,114,43,32,530,45,57,62,299,119,74,56,280,293,63,79,671,152,85,68,504,20,55,68,28,223,99,43,228,332,70,48
137,204,4,0,0,100,89,192,1,0,0,100,15:57:18,14999,200,595,108,20,306,73,43,631,507,82,63,303,206,42,84,451,106,87,34,475,312,76,87,94,106,39,83,328,54,73,52,177,514,70,49,497,50,86,70,273,234,53,99,579,212,73,86,689,25,36,53,77,419,41,70,37,527,60,40,226,170,76,72,654,167,42,76,404,303,47,42,380,143,37,91,515,329,89,30,621,34,31,88,715,58,68,64,556,8,31,72,268,114,43,32,530,45,57,62,299,119,74,56,280,293,63,79,671,152,85,68,504,20,55,68,28,223,99,43,228,332,70,48
136,204,0,0,0,100,89,192,1,1,0,-99900,15:57:20,16999,-99800,595,108,20,306,73,43,631,507,82,63,303,206,42,84,451,106,87,34,475,312,76,87,94,106,39,83,328,54,73,52,177,514,70,49,497,50,86,70,273,234,53,99,579,212,73,86,689,25,36,53,77,419,41,70,37,527,60,40,226,170,76,72,654,167,42,76,404,303,47,42,380,143,37,91,515,329,89,30,621,34,31,88,715,58,68,64,556,8,31,72,268,114,43,32,530,45,57,62,299,119,74,56,280,293,63,79,671,152,85,68,504,20,55,68,28,223,99,43,228,332,70,48
