P1_to_P2_distance,P1_to_obs_1_distance,P1_to_obs_2_distance,P1_to_obs_3_distance,P1_to_obs_4_distance,P1_to_obs_5_distance,P2_to_obs_1_distance,P2_to_obs_2_distance,P2_to_obs_3_distance,P2_to_obs_4_distance,P2_to_obs_5_distance,P1_to_goal_distance,P2_to_goal_distance,P1_action,P2_action,reward,timestamp_milliseconds
1.0,51.0,69.0,70.83784299369935,92.5418824100742,113.08846094982458,51.0,69.0,69.8927750200262,92.65527507918802,114.0175425099138,244.77336456403913,245.65219315121126,1,4,200,6214
2.0,51.0,69.0,71.78439941937245,92.43916918709297,112.16059914247963,51.0,69.0,69.8927750200262,92.65527507918802,114.0175425099138,243.89546941261537,245.65219315121126,1,4,200,6250
3.0,51.0,69.0,72.73238618387272,92.34717104492157,111.23398761170077,51.0,69.0,69.8927750200262,92.65527507918802,114.0175425099138,243.01851781294363,245.65219315121126,1,4,200,6286
4.0,51.0,69.0,73.68174807915459,92.26592003551474,110.30865786510141,51.0,69.0,69.8927750200262,92.65527507918802,114.0175425099138,242.1425200166216,245.65219315121126,1,4,200,6321
5.0,51.0,69.0,74.63243262818116,92.19544457292888,109.38464243210744,51.0,69.0,69.8927750200262,92.65527507918802,114.0175425099138,241.26748641290231,245.65219315121126,1,4,200,6357
6.0,51.0,69.0,75.58438992278762,92.13576938409967,108.46197490364999,51.0,69.0,69.8927750200262,92.65527507918802,114.0175425099138,240.39342753078753,245.65219315121126,1,4,200,6393
7.0,51.0,69.0,76.53757247260981,92.0869154657707,107.54068997360952,51.0,69.0,69.8927750200262,92.65527507918802,114.0175425099138,239.52035404115452,245.65219315121126,1,4,200,6429
8.0,51.0,69.0,77.4919350642375,92.04890004774636,106.62082348209472,51.0,69.0,69.8927750200262,92.65527507918802,114.0175425099138,238.64827675891564,245.65219315121126,1,4,200,6464
9.0,51.0,69.0,78.44743462982075,92.02173656261873,105.70241246064349,51.0,69.0,69.8927750200262,92.65527507918802,114.0175425099138,237.77720664521232,245.65219315121126,1,4,200,6500
10.0,51.0,69.0,79.40403012442127,92.00543462209176,104.78549517943789,51.0,69.0,69.8927750200262,92.65527507918802,114.0175425099138,236.90715480964266,245.65219315121126,1,4,200,6536
11.0,51.0,69.0,80.36168241145776,92.0,103.87011119662864,51.0,69.0,69.8927750200262,92.65527507918802,114.0175425099138,236.03813251252433,245.65219315121126,1,4,200,6571
12.0,51.0,69.0,81.32035415564789,92.0,102.95630140987001,51.0,69.0,69.8927750200262,92.65527507918802,114.0175425099138,235.17015116719213,245.65219315121126,1,4,200,6607
13.0,51.0,69.0,82.28000972289685,92.0,102.04410811016969,51.0,69.0,69.8927750200262,92.65527507918802,114.0175425099138,234.30322234233142,245.65219315121126,1,4,200,6643
14.0,51.0,69.0,83.24061508662703,92.0,101.13357503816425,51.0,69.0,69.8927750200262,92.65527507918802,114.0175425099138,233.43735776434755,245.65219315121126,1,4,200,6679
15.0,51.0,69.0,84.20213774008353,92.0,100.22474744293447,51.0,69.0,69.8927750200262,92.65527507918802,114.0175425099138,232.57256931977167,245.65219315121126,1,4,200,6714
16.0,51.0,69.0,85.16454661418682,92.0,99.31767214348109,51.0,69.0,69.8927750200262,92.65527507918802,114.0175425099138,231.70886905770354,245.65219315121126,1,4,200,6750
17.0,51.0,69.0,86.1278120005379,92.0,98.41239759298622,51.0,69.0,69.8927750200262,92.65527507918802,114.0175425099138,230.8462691922917,245.65219315121126,1,4,200,6786
18.0,51.0,69.0,87.09190547921202,92.0,97.50897394599124,51.0,69.0,69.8927750200262,92.65527507918802,114.0175425099138,229.98478210525147,245.65219315121126,1,4,200,6821
19.0,51.0,69.0,88.05679985100527,92.0,96.60745312862771,51.0,69.0,69.8927750200262,92.65527507918802,114.0175425099138,229.12442034842118,245.65219315121126,1,4,200,6857
20.0,51.0,69.0,89.02246907382428,92.0,95.70788891204319,51.0,69.0,69.8927750200262,92.65527507918802,114.0175425099138,228.26519664635694,245.65219315121126,1,4,200,6893
21.0,51.0,69.0,89.98888820293314,92.0,94.81033698917012,51.0,69.0,69.8927750200262,92.65527507918802,114.0175425099138,227.40712389896672,245.65219315121126,1,4,200,6929
22.0,51.0,69.0,90.95603333479313,92.0,93.91485505499116,51.0,69.0,69.8927750200262,92.65527507918802,114.0175425099138,226.55021518418383,245.65219315121126,1,4,200,6964
23.0,51.0,69.0,91.92388155425118,92.0,93.02150289046077,51.0,69.0,69.8927750200262,92.65527507918802,114.0175425099138,225.69448376068033,245.65219315121126,1,4,200,7000
24.0,51.0,69.0,92.0,92.13034245024816,92.89241088485109,51.0,69.0,69.8927750200262,92.65527507918802,114.0175425099138,224.8399430706208,245.65219315121126,1,4,200,7036
25.0,51.0,69.0,91.2414379544733,92.0,93.86160024205851,51.0,69.0,69.8927750200262,92.65527507918802,114.0175425099138,223.98660674245681,245.65219315121126,1,4,200,7071
26.0,51.0,69.0,90.35485598461214,92.0,94.83142938920619,51.0,69.0,69.8927750200262,92.65527507918802,114.0175425099138,223.13448859376265,245.65219315121126,1,4,200,7107
27.0,51.0,69.0,89.47066558375433,92.0,95.80187889597991,51.0,69.0,69.8927750200262,92.65527507918802,114.0175425099138,222.28360263411244,245.65219315121126,1,4,200,7143
28.0,51.0,69.0,88.58893836140041,92.0,96.77293009927931,51.0,69.0,69.8927750200262,92.65527507918802,114.0175425099138,221.43396306799912,245.65219315121126,1,4,200,7179
29.0,51.0,69.0,87.70974860299168,92.0,97.74456506629922,51.0,69.0,69.8927750200262,92.65527507918802,114.0175425099138,220.58558429779586,245.65219315121126,1,4,200,7214
30.0,51.0,69.0,86.83317338436964,92.0,98.71676655968832,51.0,69.0,69.8927750200262,92.65527507918802,114.0175425099138,219.73848092675985,245.65219315121126,1,4,200,7250
31.0,51.0,69.0,85.95929269136641,92.0,99.68951800465283,51.0,69.0,69.8927750200262,92.65527507918802,114.0175425099138,218.89266776207924,245.65219315121126,1,4,200,7286
32.0,51.0,69.0,85.0881895447306,92.0,100.66280345788111,51.0,69.0,69.8927750200262,92.65527507918802,114.0175425099138,218.04815981796315,245.65219315121126,1,4,200,7321
33.0,51.0,69.0,84.21995013059554,92.0,101.6366075781753,51.0,69.0,69.8927750200262,92.65527507918802,114.0175425099138,217.20497231877542,245.65219315121126,1,4,200,7357
34.0,51.0,69.0,83.35466393669883,92.0,102.61091559868278,51.0,69.0,69.8927750200262,92.65527507918802,114.0175425099138,216.3631207022121,245.65219315121126,1,4,200,7393
35.0,51.0,69.0,82.49242389456137,92.0,103.58571330062848,51.0,69.0,69.8927750200262,92.65527507918802,114.0175425099138,215.52262062252305,245.65219315121126,1,4,200,7429
36.0,51.0,69.0,81.6333265278342,92.0,104.5609869884557,51.0,69.0,69.8927750200262,92.65527507918802,114.0175425099138,214.68348795377813,245.65219315121126,1,4,200,7464
37.0,51.0,69.0,80.77747210701756,92.0,105.53672346628922,51.0,69.0,69.8927750200262,92.65527507918802,114.0175425099138,213.84573879317773,245.65219315121126,1,4,200,7500
38.0,51.0,69.0,79.92496481075234,92.0,106.51291001564083,51.0,69.0,69.8927750200262,92.65527507918802,114.0175425099138,213.00938946440834,245.65219315121126,1,4,200,7536
39.0,51.0,69.0,79.07591289387686,92.0,107.48953437428223,51.0,69.0,69.8927750200262,92.65527507918802,114.0175425099138,212.17445652104308,245.65219315121126,1,4,200,7571
40.0,51.0,69.0,78.23042886243178,92.0,108.4665847162157,51.0,69.0,69.8927750200262,92.65527507918802,114.0175425099138,211.3409567499873,245.65219315121126,1,4,200,7607
41.0,51.0,69.0,77.38862965578342,92.0,109.4440496326776,51.0,69.0,69.8927750200262,92.65527507918802,114.0175425099138,210.50890717496966,245.65219315121126,1,4,200,7643
42.0,51.0,69.0,76.55063683601855,92.0,110.42191811411355,51.0,69.0,69.8927750200262,92.65527507918802,114.0175425099138,209.67832506007863,245.65219315121126,1,4,200,7679
43.0,51.0,69.0,75.71657678474378,92.0,111.40017953306898,51.0,69.0,69.8927750200262,92.65527507918802,114.0175425099138,208.84922791334424,245.65219315121126,1,4,200,7714
44.0,51.0,69.0,74.88658090739622,92.0,112.37882362794157,51.0,69.0,69.8927750200262,92.65527507918802,114.0175425099138,208.02163349036562,245.65219315121126,1,4,200,7750
45.0,51.0,69.0,74.06078584514209,92.0,113.35784048754634,51.0,69.0,69.8927750200262,92.65527507918802,114.0175425099138,207.1955597979841,245.65219315121126,1,4,200,7786
46.0,51.0,69.0,73.23933369440222,92.0,112.60994627474076,51.0,69.0,69.8927750200262,92.65527507918802,114.0175425099138,206.37102509800158,245.65219315121126,1,4,200,7821
47.0,51.0,69.00724599634447,72.42237223399962,92.0,111.8659912573969,51.0,69.0,69.8927750200262,92.65527507918802,114.0175425099138,205.54804791094466,245.65219315121126,1,4,200,7857
48.0,51.0,69.02897942168927,71.61005515987263,92.0,111.12605455067681,51.0,69.0,69.8927750200262,92.65527507918802,114.0175425099138,204.7266470198738,245.65219315121126,1,4,200,7893
49.0,51.0,69.06518659932803,70.80254232723568,92.0,110.39021695784459,51.0,69.0,69.8927750200262,92.65527507918802,114.0175425099138,203.90684147423792,245.65219315121126,1,4,200,7929
50.0,51.0,69.1158447825099,70.0,92.0,109.65856099730654,51.0,69.0,69.8927750200262,92.65527507918802,114.0175425099138,203.08865059377396,245.65219315121126,1,4,200,7964
50.0,51.0,69.1158447825099,70.0,92.0,109.65856099730654,51.0,69.0,69.8927750200262,92.65527507918802,114.0175425099138,203.08865059377396,245.65219315121126,1,4,200,8000
50.0,51.0,69.1158447825099,70.0,92.0,109.65856099730654,51.0,69.0,69.8927750200262,92.65527507918802,114.0175425099138,203.08865059377396,245.65219315121126,1,4,200,8036
50.0,51.0,69.1158447825099,70.0,92.0,109.65856099730654,51.0,69.0,69.8927750200262,92.65527507918802,114.0175425099138,203.08865059377396,245.65219315121126,1,4,200,8071
50.0,51.0,69.1158447825099,70.0,92.0,109.65856099730654,51.0,69.0,69.8927750200262,92.65527507918802,114.0175425099138,203.08865059377396,245.65219315121126,1,4,200,8107
50.0,51.0,69.1158447825099,70.0,92.0,109.65856099730654,51.0,69.0,69.8927750200262,92.65527507918802,114.0175425099138,203.08865059377396,245.65219315121126,1,4,200,8143
50.0,51.0,69.1158447825099,70.0,92.0,109.65856099730654,51.0,69.0,69.8927750200262,92.65527507918802,114.0175425099138,203.08865059377396,245.65219315121126,1,4,200,8179
50.0,51.0,69.1158447825099,70.0,92.0,109.65856099730654,51.0,69.0,69.8927750200262,92.65527507918802,114.0175425099138,203.08865059377396,245.65219315121126,1,4,200,8214
50.0,51.0,69.1158447825099,70.0,92.0,109.65856099730654,51.0,69.0,69.8927750200262,92.65527507918802,114.0175425099138,203.08865059377396,245.65219315121126,1,4,200,8250
50.0,51.0,69.1158447825099,70.0,92.0,109.65856099730654,51.0,69.0,69.8927750200262,92.65527507918802,114.0175425099138,203.08865059377396,245.65219315121126,1,4,200,8286
50.0,51.0,69.1158447825099,70.0,92.0,109.65856099730654,51.0,69.0,69.8927750200262,92.65527507918802,114.0175425099138,203.08865059377396,245.65219315121126,1,4,200,8321
50.0,51.0,69.1158447825099,70.0,92.0,109.65856099730654,51.0,69.0,69.8927750200262,92.65527507918802,114.0175425099138,203.08865059377396,245.65219315121126,1,4,200,8357
50.0,51.0,69.1158447825099,70.0,92.0,109.65856099730654,51.0,69.0,69.8927750200262,92.65527507918802,114.0175425099138,203.08865059377396,245.65219315121126,1,4,200,8393
50.0,51.0,69.1158447825099,70.0,92.0,109.65856099730654,51.0,69.0,69.8927750200262,92.65527507918802,114.0175425099138,203.08865059377396,245.65219315121126,1,4,200,8429
50.0,51.0,69.1158447825099,70.0,92.0,109.65856099730654,51.0,69.0,69.8927750200262,92.65527507918802,114.0175425099138,203.08865059377396,245.65219315121126,1,4,200,8464
50.0,51.0,69.1158447825099,70.0,92.0,109.65856099730654,51.0,69.0,69.8927750200262,92.65527507918802,114.0175425099138,203.08865059377396,245.65219315121126,1,4,200,8500
50.0,51.0,69.1158447825099,70.0,92.0,109.65856099730654,51.0,69.0,69.8927750200262,92.65527507918802,114.0175425099138,203.08865059377396,245.65219315121126,1,4,200,8536
50.0,51.0,69.1158447825099,70.0,92.0,109.65856099730654,51.0,69.0,69.8927750200262,92.65527507918802,114.0175425099138,203.08865059377396,245.65219315121126,1,4,200,8571
50.0,51.0,69.1158447825099,70.0,92.0,109.65856099730654,51.0,69.0,69.8927750200262,92.65527507918802,114.0175425099138,203.08865059377396,245.65219315121126,1,4,200,8607
50.0,51.0,69.18092222571191,69.20260110718382,92.0,108.93117092916977,51.0,69.0,70.83784299369935,92.5418824100742,113.08846094982458,202.27209397245088,244.77336456403913,1,1,200,8643
50.0,51.0,68.41052550594829,69.26037828369117,92.0,108.2081327812286,51.0,69.0,71.78439941937245,92.43916918709297,112.16059914247963,201.45719148245863,243.89546941261537,1,1,200,8679
50.0,51.0,67.62396025078685,69.35416353759881,92.0,107.48953437428223,51.0,69.0,72.73238618387272,92.34717104492157,111.23398761170077,200.6439632782407,243.01851781294363,1,1,200,8714
50.0,51.0,66.84309986827361,69.46221994724903,92.0,106.77546534667971,51.0,69.0,73.68174807915459,92.26592003551474,110.30865786510141,199.83242980057065,242.1425200166216,1,1,200,8750
50.0,51.0,66.06814663663572,69.58448102845921,92.0,106.06601717798213,51.0,69.0,74.63243262818116,92.19544457292888,109.38464243210744,199.0226117806718,241.26748641290231,1,1,200,8786
50.0,51.0,65.29931086925804,69.72087205421343,92.0,105.3612832116238,51.0,69.0,75.58438992278762,92.13576938409967,108.46197490364999,198.2145302443794,240.39342753078753,1,1,200,8821
50.0,51.0,64.53681120105021,69.87131027825369,92.0,104.66135867644753,51.0,69.0,76.53757247260981,92.0869154657707,107.54068997360952,197.40820651634522,239.52035404115452,1,1,200,8857
50.0,51.0,63.7808748764079,70.03570517957252,92.0,103.96634070698074,51.0,69.0,77.4919350642375,92.04890004774636,106.62082348209472,196.60366222428308,238.64827675891564,1,1,200,8893
50.0,51.0098029794274,63.0317380372777,70.21395872616783,92.0,103.27632836231156,51.0,69.0,78.44743462982075,92.02173656261873,105.70241246064349,195.80091930325557,237.77720664521232,1,1,200,8929
50.0,51.03920062069938,62.289646009589745,70.40596565632774,92.0,102.59142264341595,51.0,69.0,79.40403012442127,92.00543462209176,104.78549517943789,195.0,236.90715480964266,1,1,200,8964
50.0,51.088159097779204,61.554853586049575,70.61161377563892,92.0,101.91172650877817,51.0,69.0,80.36168241145776,92.0,103.87011119662864,194.20092687729377,236.03813251252433,1,1,200,9000
50.0,51.15662224971465,60.8276253029822,70.83078426785913,92.0,101.23734488813898,51.0,69.0,81.32035415564789,92.0,102.95630140987001,193.40372281835735,235.17015116719213,1,1,200,9037
50.0,51.24451190127583,60.108235708594876,71.06335201775947,92.0,100.56838469419701,51.0,69.0,82.28000972289685,92.0,102.04410811016969,192.60841103129428,234.30322234233142,1,1,200,9074
50.0,51.35172830587107,59.39696961966999,71.30918594402827,92.0,99.90495483208028,51.0,69.0,83.24061508662703,92.0,101.13357503816425,191.81501505356664,233.43735776434755,1,1,200,9111
50.0,51.478150704935004,58.69412236331676,71.56814934033156,92.0,99.24716620639605,51.0,69.0,84.20213774008353,92.0,100.22474744293447,191.02355875650522,232.57256931977167,1,1,200,9148
50.0,51.62363799656123,58.0,71.84010022264724,92.0,98.59513172565875,51.0,69.0,85.16454661418682,92.0,99.31767214348109,190.23406634985227,231.70886905770354,1,1,200,9185
50.0,51.78802950489621,57.3149195236284,72.12489168102785,92.0,97.94896630388705,51.0,69.0,86.1278120005379,92.0,98.41239759298622,189.44656238633627,230.8462691922917,1,1,200,9222
50.0,51.97114584074513,56.639209034025185,72.42237223399962,92.0,97.30878685915265,51.0,69.0,87.09190547921202,92.0,97.50897394599124,188.66107176627614,229.98478210525147,1,1,200,9259
50.0,52.172789842982326,55.97320787662612,72.73238618387272,92.0,96.67471230885562,51.0,69.0,88.05679985100527,92.0,96.60745312862771,187.8776197422141,229.12442034842118,1,1,200,9296
50.0,52.392747589718944,55.31726674375732,73.05477397131553,92.0,96.04686356149273,51.0,69.0,89.02246907382428,92.0,95.70788891204319,187.09623192357455,228.26519664635694,1,1,200,9333
50.0,52.630789467763066,54.67174773134658,73.38937252763509,92.0,95.42536350467836,51.0,69.0,89.98888820293314,92.0,94.81033698917012,186.31693428134759,227.40712389896672,1,1,200,9370
50.0,52.88667128870941,54.037024344425184,73.7360156233031,92.0,94.81033698917012,51.0,69.0,90.95603333479313,92.0,93.91485505499116,185.53975315279473,226.55021518418383,1,1,200,9407
50.0,53.16013544000805,53.41348144429457,74.09453421137081,92.0,94.2019108086455,51.0,69.0,91.92388155425118,92.0,93.02150289046077,184.76471524617463,225.69448376068033,1,1,200,9444
50.0,52.80151512977634,53.45091205957107,74.46475676452586,92.0,93.60021367496978,51.0,69.0,92.0,92.13034245024816,92.89241088485109,183.99184764548673,224.8399430706208,1,1,200,9481
50.0,52.20153254455275,53.75872022286245,74.84650960465692,92.0,93.00537618869137,51.0,69.0,91.2414379544733,92.0,93.86160024205851,183.22117781522965,223.98660674245681,1,1,200,9519
50.0,51.61395160225576,54.08326913195984,75.23961722390672,92.0,92.41753080449618,51.0,69.0,90.35485598461214,92.0,94.83142938920619,182.45273360517237,223.13448859376265,1,1,200,9556
50.0,51.03920062069938,54.42425929675111,75.64390259630977,91.83681179135085,92.0,51.0,69.0,89.47066558375433,92.0,95.80187889597991,181.6865432551349,222.28360263411244,1,1,200,9593
50.0,50.47771785649585,54.78138369920935,76.05918747922567,91.2633551870629,92.0,51.0,69.0,88.58893836140041,92.0,96.77293009927931,180.92263539977523,221.43396306799912,1,1,200,9630
50.0,49.92995093127971,55.154328932550705,76.48529270389177,90.69729874698585,92.0,51.0,69.0,87.70974860299168,92.0,97.74456506629922,180.16103907338012,220.58558429779586,1,1,200,9667
50.0,49.39635614091387,55.54277630799526,76.92203845452875,90.13878188659973,92.0,51.0,69.0,86.83317338436964,92.0,98.71676655968832,179.4017837146554,219.73848092675985,1,1,200,9704
50.0,48.877397639399746,55.94640292279746,77.3692445355388,89.58794561770016,92.0,51.0,69.0,85.95929269136641,92.0,99.68951800465283,178.64489917151286,218.89266776207924,1,1,200,9741
50.0,48.373546489791295,56.36488268416781,77.82673062643708,89.04493247793498,92.0,51.0,69.0,85.0881895447306,92.0,100.66280345788111,177.89041570584965,218.04815981796315,1,1,200,9778
50.0,47.885279575251516,56.79788728465171,78.29431652425353,88.50988645343524,92.0,51.0,69.0,84.21995013059554,92.0,101.6366075781753,177.1383639983163,217.20497231877542,1,1,200,9815
50.0,47.41307836451879,57.245087125446844,78.77182237323191,87.98295289429652,92.0,51.0,69.0,83.35466393669883,92.0,102.61091559868278,176.3887751530692,216.3631207022121,1,1,200,9852
50.0,46.95742752749558,57.706152185014034,79.25906888173743,87.46427842267951,92.0,51.0,69.0,82.49242389456137,92.0,103.58571330062848,175.64168070250295,215.52262062252305,1,1,200,9889
50.0,46.51881339845203,58.180752831155424,79.75587752636166,86.95401083331349,92.0,51.0,69.0,81.6333265278342,92.0,104.5609869884557,174.89711261195822,214.68348795377813,1,1,200,9926
50.0,46.09772228646444,58.66856057549052,80.26207074328447,86.45229898620394,92.0,51.0,69.0,80.77747210701756,92.0,105.53672346628922,174.1551032843999,213.84573879317773,1,1,200,9963
50.0,45.69463863518345,59.16924876994806,80.77747210701756,85.95929269136641,92.0,51.0,69.0,79.92496481075234,92.0,106.51291001564083,173.4156855650607,213.00938946440834,1,1,200,10000
50.0,45.31004303683677,59.682493245507096,81.30190649671138,85.47514258543241,92.0,51.0,69.0,79.07591289387686,92.0,107.48953437428223,172.67889274604468,212.17445652104308,1,1,200,10036
50.0,44.94441010848846,60.207972893961475,81.83520025025906,85.0,92.0,51.0,69.0,78.23042886243178,92.0,108.4665847162157,171.9447585708852,211.3409567499873,1,1,200,10071
50.0,44.598206241955516,60.74537019394976,82.37718130647589,84.53401682163222,92.0,51.0,69.0,77.38862965578342,92.0,109.4440496326776,171.21331723905124,210.50890717496966,1,1,200,10107
50.0,44.27188724235731,61.29437168288782,82.92767933567175,84.07734534343957,92.0,51.0,69.0,76.55063683601855,92.0,110.42191811411355,170.48460341039598,209.67832506007863,1,1,200,10143
50.0,43.965895873961216,61.85466837676846,83.48652585896721,83.6301381082203,92.0,51.0,69.0,75.71657678474378,92.0,111.40017953306898,169.7586522095413,208.84922791334424,1,1,200,10179
50.0,43.68065933568311,62.42595614005443,83.19254774317228,84.0535543567314,92.0,51.0,69.0,74.88658090739622,92.0,112.37882362794157,169.03549923019128,208.02163349036562,1,1,200,10214
50.0,43.41658669218482,63.00793600809346,82.76472678623425,84.62860036654276,92.0,51.0,69.0,74.06078584514209,92.0,113.35784048754634,168.31518053936787,207.1955597979841,1,1,200,10250
50.0,43.174066289845804,63.60031446463138,82.34682750416071,85.21150157109074,92.0,51.0,69.0,73.23933369440222,92.0,112.60994627474076,167.59773268156107,206.37102509800158,1,1,200,10286
50.0,42.95346318982906,64.20280367709809,81.93900170248598,85.80209787645055,92.0,51.0,69.00724599634447,72.42237223399962,92.0,111.8659912573969,166.88319268278636,205.54804791094466,1,1,200,10321
50.0,42.7551166528639,64.81512169239521,81.54140052758476,86.40023148117139,92.0,51.0,69.02897942168927,71.61005515987263,92.0,111.12605455067681,166.1715980545412,204.7266470198738,1,1,200,10357
50.0,42.579337712087536,65.43699259593154,81.15417426109393,87.00574693662483,92.0,51.0,69.06518659932803,70.80254232723568,92.0,110.39021695784459,165.46298679765212,203.90684147423792,1,1,200,10393
50.0,42.42640687119285,66.06814663663572,80.77747210701756,87.6184911990614,92.0,51.0,69.1158447825099,70.0,92.0,109.65856099730654,164.7573974060042,203.08865059377396,1,1,200,10429
50.0,42.2965719651132,66.70832032063167,80.4114419718985,88.23831367382311,92.0,51.0,69.18092222571191,69.20260110718382,92.0,108.93117092916977,164.05486887014357,202.27209397245088,1,1,200,10464
50.0,42.190046219457976,67.35725647619564,80.05623023850174,88.86506625215557,92.0,51.0,68.41052550594829,69.26037828369117,92.0,108.2081327812286,163.35544068074378,201.45719148245863,1,1,200,10500
50.0,42.1070065428546,68.01470429252781,79.71198153351854,89.49860334105779,92.0,51.0,67.62396025078685,69.35416353759881,92.0,107.48953437428223,162.65915283192643,200.6439632782407,1,1,200,10536
50.0,42.04759208325728,68.6804193347711,79.37883848986453,90.13878188659973,92.0,51.0,66.84309986827361,69.46221994724903,92.0,106.77546534667971,161.9660458244258,199.83242980057065,1,1,200,10571
50.0,42.01190307520001,69.35416353759881,79.05694150420949,90.78546139112804,92.0,51.0,66.06814663663572,69.58448102845921,92.0,106.06601717798213,161.27616066858735,199.0226117806718,1,1,200,10607
50.0,42.0,70.03570517957252,78.74642849044012,91.43850392476902,92.0,51.0,65.29931086925804,69.72087205421343,92.0,105.3612832116238,160.58953888718904,198.2145302443794,1,1,200,10643
50.0,42.0,70.7248188403477,78.44743462982075,92.0,92.09777413162601,51.0,64.53681120105021,69.87131027825369,92.0,104.66135867644753,159.90622251807463,197.40820651634522,1,1,200,10679
50.0,42.0,71.42128534267638,78.16009211867653,92.0,92.76313923105448,51.0,63.7808748764079,70.03570517957252,92.0,103.96634070698074,159.2262541165872,196.60366222428308,1,1,200,10714
50.0,42.0,72.12489168102785,77.88452991448301,92.0,93.43446901438462,51.0098029794274,63.0317380372777,70.21395872616783,92.0,103.27632836231156,158.54967675779096,195.80091930325557,1,1,200,10750
50.0,42.0,72.83543093852057,77.62087348130012,92.0,94.11163583744573,51.03920062069938,62.289646009589745,70.40596565632774,92.0,102.59142264341595,157.87653403846943,195.0,1,1,200,10786
50.0,42.0,73.55270219373317,77.3692445355388,92.00543462209176,94.79451460923254,51.088159097779204,61.554853586049575,70.61161377563892,92.0,101.91172650877817,157.20687007888682,194.20092687729377,1,1,200,10821
50.0,42.0,74.27651041883968,77.12976079309465,92.02173656261873,95.4829827770373,51.15662224971465,60.8276253029822,70.83078426785913,92.0,101.23734488813898,156.54072952429985,193.40372281835735,1,1,200,10857
50.0,42.0,75.0066663703967,76.90253571892151,92.04890004774636,96.17692030835673,51.24451190127583,60.108235708594876,71.06335201775947,92.0,100.56838469419701,155.87815754620658,192.60841103129428,1,1,200,10893
50.0,42.0,75.7429864739964,76.68767828015137,92.0869154657707,96.87620966986684,51.35172830587107,59.39696961966999,71.30918594402827,92.0,99.90495483208028,155.21919984331836,191.81501505356664,1,1,200,10929
50.0,42.0,76.48529270389177,76.48529270389177,92.13576938409967,97.58073580374356,51.478150704935004,58.69412236331676,71.56814934033156,92.0,99.24716620639605,154.5639026422405,191.02355875650522,1,1,200,10964
50.0,42.0,76.2954782408499,77.23341245859851,92.19544457292888,98.29038610159185,51.62363799656123,58.0,71.84010022264724,92.0,98.59513172565875,153.91231269784754,190.23406634985227,1,1,200,11000
50.0,42.0,76.11832893594026,77.98717843338096,92.26592003551474,99.00505037623081,51.78802950489621,57.3149195236284,72.12489168102785,92.0,97.94896630388705,153.26447729333762,189.44656238633627,1,1,200,11037
50.0,42.0,75.95393340703298,78.74642849044012,92.34717104492157,99.72462083156798,51.97114584074513,56.639209034025185,72.42237223399962,92.0,97.30878685915265,152.620444239951,188.66107176627614,1,1,200,11074
50.0,42.0,75.8023746329889,79.51100552753688,92.43916918709297,100.44899203078147,52.172789842982326,55.97320787662612,72.73238618387272,92.0,96.67471230885562,151.9802618763371,187.8776197422141,1,1,200,11111
50.0,42.0,75.66372975210778,80.2807573457052,92.5418824100742,101.17806086301516,52.392747589718944,55.31726674375732,73.05477397131553,92.0,96.04686356149273,151.34397906755325,187.09623192357455,1,1,200,11148
50.0,42.0,75.53806987208503,81.05553651663777,92.65527507918802,101.91172650877817,52.630789467763066,54.67174773134658,73.38937252763509,92.0,95.42536350467836,150.71164520368026,186.31693428134759,1,1,200,11185
50.0,42.0,75.4254598925323,81.83520025025906,92.77930803794561,102.6498904042279,52.88667128870941,54.037024344425184,73.7360156233031,92.0,94.81033698917012,150.08331019803634,185.53975315279473,1,1,200,11222
50.0,42.0,75.32595834106593,82.61961026293939,92.91393867445294,103.39245620450265,53.16013544000805,53.41348144429457,74.09453421137081,92.0,94.2019108086455,149.4590244849738,184.76471524617463,1,1,200,11259
50.0,42.0,75.23961722390672,83.40863264674707,93.05912099305473,103.84603988597736,52.80151512977634,53.45091205957107,74.46475676452586,92.0,93.60021367496978,148.8388390172404,183.99184764548673,1,1,200,11296
50.0,42.0,75.16648189186454,84.20213774008353,93.2148056909416,102.88342918079665,52.20153254455275,53.75872022286245,74.84650960465692,92.0,93.00537618869137,148.22280526288793,183.22117781522965,1,1,200,11333
50.0,42.0,75.1065909225016,85.0,93.38094023943002,101.92153844992725,51.61395160225576,54.08326913195984,75.23961722390672,92.0,92.41753080449618,147.61097520171052,182.45273360517237,1,1,200,11370
50.0,42.0,75.05997601918082,85.80209787645055,93.55746896961247,100.96038827183659,51.03920062069938,54.42425929675111,75.64390259630977,91.83681179135085,92.0,147.00340132119393,181.6865432551349,1,1,200,11407
50.0,42.0,75.02666192761077,86.6083136886985,93.74433316206373,100.0,50.47771785649585,54.78138369920935,76.05918747922567,91.2633551870629,92.0,146.40013661195812,180.92263539977523,1,1,200,11444
50.0,42.0,75.0066663703967,87.41853350405736,93.94147114027967,99.04039579888602,49.92995093127971,55.154328932550705,76.48529270389177,90.69729874698585,92.0,145.8012345626744,180.16103907338012,1,1,200,11481
50.0,42.0,75.0,88.23264701911646,94.14881836751856,98.08159868191383,49.39635614091387,55.54277630799526,76.92203845452875,90.13878188659973,92.0,145.2067491544384,179.4017837146554,1,1,200,11519
50.0,42.0,75.0,89.05054744357274,94.36630754670864,97.12363255150623,48.877397639399746,55.94640292279746,77.3692445355388,89.58794561770016,92.0,144.61673485458036,178.64489917151286,1,1,200,11556
50.0,42.0,75.0,89.87213138676528,94.59386872308374,96.16652224137046,48.373546489791295,56.36488268416781,77.82673062643708,89.04493247793498,92.0,144.03124660989366,177.89041570584965,1,1,200,11593
50.0,42.0,75.0,90.69729874698585,94.83142938920619,95.2102935611481,47.885279575251516,56.79788728465171,78.29431652425353,88.50988645343524,92.0,143.45033983926285,177.1383639983163,1,1,200,11630
50.0,42.0,75.0,91.52595260361949,94.25497334358543,95.0789145920377,47.41307836451879,57.245087125446844,78.77182237323191,87.98295289429652,92.0,142.87407042567241,176.3887751530692,1,1,200,11667
50.0,42.0,75.0,92.35799911215054,93.30058949438637,95.33624704172071,46.95742752749558,57.706152185014034,79.25906888173743,87.46427842267951,92.0,142.30249470757707,175.64168070250295,1,1,200,11704
50.0,42.0,75.0,92.34717104492157,93.1933474020544,95.60334722173695,46.51881339845203,58.180752831155424,79.75587752636166,86.95401083331349,92.0,141.73566946961517,174.89711261195822,1,1,200,11741
50.0,42.0,75.0,91.39474820797966,94.03190947758107,95.88013350011565,46.09772228646444,58.66856057549052,80.26207074328447,86.45229898620394,92.0,141.1736519326464,174.1551032843999,1,1,200,11778
50.0,42.0,75.0,90.44335243676011,94.87360012142472,96.16652224137046,45.69463863518345,59.16924876994806,80.77747210701756,85.95929269136641,92.0,140.61649974309557,173.4156855650607,1,1,200,11815
50.0,42.0,75.0,89.49301648732151,95.71833680126291,96.46242791885346,45.31004303683677,59.682493245507096,81.30190649671138,85.47514258543241,92.0,140.06427096158393,172.67889274604468,1,1,200,11852
50.0,42.0,75.0,88.54377448471462,96.56603957913983,96.76776322722355,44.94441010848846,60.207972893961475,81.83520025025906,85.0,92.0,139.51702405083043,171.9447585708852,1,1,200,11889
50.0,42.0,75.0,87.5956619930462,97.082439194738,97.41663102366043,44.598206241955516,60.74537019394976,82.37718130647589,84.53401682163222,92.0,138.97481786280562,171.21331723905124,1,1,200,11926
50.0,42.0,75.0,86.64871608973787,97.40636529508737,98.2700361249552,44.27188724235731,61.29437168288782,82.92767933567175,84.07734534343957,92.0,138.43771162512041,170.48460341039598,1,1,200,11963
50.0,42.0,75.0,85.70297544426332,97.73944955850733,99.12618221237011,43.965895873961216,61.85466837676846,83.48652585896721,83.6301381082203,92.0,137.90576492663388,169.7586522095413,1,1,200,12000
50.0,42.0,75.0,84.75848040166836,98.08159868191383,99.98499887483122,43.68065933568311,62.42595614005443,83.19254774317228,84.0535543567314,92.0,137.37903770226373,169.03549923019128,1,1,200,12036
50.0,42.0,75.0,83.81527307120105,98.43271813782245,100.84641788382967,43.41658669218482,63.00793600809346,82.76472678623425,84.62860036654276,92.0,136.8575902169843,168.31518053936787,1,1,200,12071
50.0,42.0,75.0,82.87339742040264,98.79271228182775,101.71037311896953,43.174066289845804,63.60031446463138,82.34682750416071,85.21150157109074,92.0,136.34148304899725,167.59773268156107,1,1,200,12107
50.0,42.0,75.0,81.93289937503738,99.16148445843275,102.57680049601859,42.95346318982906,64.20280367709809,81.93900170248598,85.80209787645055,92.0,135.83077707206124,166.88319268278636,1,1,200,12143
50.0,42.0,75.0,80.99382692526635,99.53893710503444,103.4456378974,42.7551166528639,64.81512169239521,81.54140052758476,86.40023148117139,92.0,135.32553343696821,166.1715980545412,1,1,200,12179
50.0,42.0,75.0,80.05623023850174,99.92497185388645,104.31682510506155,42.579337712087536,65.43699259593154,81.15417426109393,87.00574693662483,92.0,134.82581355215328,165.46298679765212,1,1,200,12214
50.0,42.0,75.0,79.12016177940993,100.31948963187563,105.19030373565806,42.42640687119285,66.06814663663572,80.77747210701756,87.6184911990614,92.0,134.33167906342868,164.7573974060042,1,1,200,12250
50.0,42.0,75.0,78.18567643756751,100.72239075796404,106.06601717798213,42.2965719651132,66.70832032063167,80.4114419718985,88.23831367382311,92.0,133.843191832831,164.05486887014357,1,1,200,12286
50.0,42.0,75.0,77.25283166331187,101.13357503816425,106.94391053257777,42.190046219457976,67.35725647619564,80.05623023850174,88.86506625215557,92.0,133.3604139165742,163.35544068074378,1,1,200,12321
50.0,42.0,75.0,76.32168761236873,101.55294185792945,107.82393055347222,42.1070065428546,68.01470429252781,79.71198153351854,89.49860334105779,92.0,132.8834075421006,162.65915283192643,1,1,200,12357
50.0,42.0,75.0,75.39230729988306,101.9803902718557,108.70602559196064,42.04759208325728,68.6804193347711,79.37883848986453,90.13878188659973,92.0,132.41223508422476,161.9660458244258,1,1,200,12393
50.0,42.0,74.46475676452586,75.0,102.41581909060729,109.59014554237986,42.01190307520001,69.35416353759881,79.05694150420949,90.78546139112804,92.0,131.94695904036593,161.27616066858735,1,1,200,12429
50.0,42.0,73.53910524340094,75.0,102.85912696499032,110.47624178980746,42.0,70.03570517957252,78.74642849044012,91.43850392476902,92.0,131.48764200486676,160.58953888718904,1,1,200,12464
50.0,42.0,72.61542535852834,75.0,103.31021246711285,111.36426715962351,42.0,70.7248188403477,78.44743462982075,92.0,92.09777413162601,131.03434664239754,159.90622251807463,1,1,200,12500
50.0,42.0,71.69379331573968,75.0,103.76897416858277,112.25417586887359,42.0,71.42128534267638,78.16009211867653,92.0,92.76313923105448,130.58713566044705,159.2262541165872,1,1,200,12536
50.0,42.0,70.77428911688199,75.0,104.23531071570709,113.14592347937243,42.0,72.12489168102785,77.88452991448301,92.0,93.43446901438462,130.14607178090316,158.54967675779096,1,1,200,12571
50.0,42.0,69.85699678629192,75.0,104.70912090166739,114.03946685248927,42.0,72.83543093852057,77.62087348130012,92.0,94.11163583744573,129.71121771072848,157.87653403846943,1,1,200,12607
50.0,42.0,68.94200461257273,75.0,105.19030373565806,114.93476410555685,42.0,73.55270219373317,77.3692445355388,92.00543462209176,94.79451460923254,129.28263611173776,157.20687007888682,1,1,200,12643
50.0,42.0,68.0294054067798,75.0,105.67875850898325,115.83177456984762,42.0,74.27651041883968,77.12976079309465,92.02173656261873,95.4829827770373,128.86038956948718,156.54072952429985,1,1,200,12679
50.0,42.0,67.11929677819934,75.0,106.17438485811914,116.73045875006231,42.0,75.0066663703967,76.90253571892151,92.04890004774636,96.17692030835673,128.4445405612866,155.87815754620658,1,1,200,12714
50.0,42.01190307520001,66.2117814289874,75.0,106.6770828247567,117.63077828527702,42.0,75.7429864739964,76.68767828015137,92.0869154657707,96.87620966986684,128.03515142334936,155.21919984331836,1,1,200,12750
50.0,42.04759208325728,65.30696746902278,75.0,107.18675291284833,118.53269591129698,42.0,76.48529270389177,76.48529270389177,92.13576938409967,97.58073580374356,127.63228431709588,154.5639026422405,1,1,200,12786
50.0,42.1070065428546,64.40496875241847,75.0,107.70329614269008,119.4361754243663,42.0,76.2954782408499,77.23341245859851,92.19544457292888,98.29038610159185,127.23600119463045,153.91231269784754,1,1,200,12821
50.0,42.190046219457976,63.50590523722971,75.0,108.2266141020775,120.34118164618461,42.0,76.11832893594026,77.98717843338096,92.26592003551474,99.00505037623081,126.84636376341263,153.26447729333762,1,1,200,12857
50.0,42.2965719651132,62.609903369994115,75.0,108.75660899458019,121.24768039018313,42.0,75.95393340703298,78.74642849044012,92.34717104492157,99.72462083156798,126.46343345014795,152.620444239951,1,1,200,12893
50.0,42.42640687119285,61.71709649683789,75.0,109.29318368498559,122.15563842901399,42.0,75.8023746329889,79.51100552753688,92.43916918709297,100.44899203078147,126.08727136392476,151.9802618763371,1,1,200,12929
50.0,42.579337712087536,60.8276253029822,75.0,109.83624174196785,123.06502346320826,42.0,75.66372975210778,80.2807573457052,92.5418824100742,101.17806086301516,125.7179382586272,151.34397906755325,1,1,200,12964
50.0,42.7551166528639,59.941638282582836,75.0,110.38568747804219,123.97580409095961,42.0,75.53806987208503,81.05553651663777,92.65527507918802,101.91172650877817,125.35549449465708,150.71164520368026,1,1,200,13000
50.0,42.95346318982906,59.0592922409336,75.0,110.9414259868693,124.88794977899188,42.0,75.4254598925323,81.83520025025906,92.77930803794561,102.6498904042279,125.0,150.08331019803634,1,1,200,13037
50.0,43.174066289845804,58.180752831155424,75.0,111.50336317797773,125.80143083447024,42.0,75.32595834106593,82.61961026293939,92.91393867445294,103.39245620450265,124.65151423067431,149.4590244849738,1,1,200,13074
50.0,43.41658669218482,57.30619512757761,75.0066663703967,112.0714058089752,126.7162183779172,42.0,75.23961722390672,83.40863264674707,93.05912099305473,103.84603988597736,124.31009613060397,148.8388390172404,1,1,200,13111
50.0,43.68065933568311,56.43580423808985,75.02666192761077,112.6454615153225,127.63228431709588,42.0,75.16648189186454,84.20213774008353,93.2148056909416,102.88342918079665,123.97580409095961,148.22280526288793,1,1,200,13148
50.0,43.965895873961216,55.569775957799216,75.05997601918082,113.22543883774529,128.5496013218244,42.0,75.1065909225016,85.0,93.38094023943002,101.92153844992725,123.64869590901475,147.61097520171052,1,1,200,13185
50.0,44.27188724235731,54.70831746635972,75.1065909225016,113.81124724736128,129.46814279968643,42.0,75.05997601918082,85.80209787645055,93.55746896961247,100.96038827183659,123.3288287465668,147.00340132119393,1,1,200,13222
50.0,44.598206241955516,53.85164807134504,75.16648189186454,114.40279716860073,130.3878828726044,42.0,75.02666192761077,86.6083136886985,93.74433316206373,100.0,123.01625908797584,146.40013661195812,1,1,200,13259
50.0,44.94441010848846,53.0,75.23961722390672,115.0,131.30879635424276,42.0,75.0066663703967,87.41853350405736,93.94147114027967,99.04039579888602,122.71104269787622,145.8012345626744,1,1,200,13296
50.0,45.31004303683677,52.15361924162119,75.32595834106593,115.6027681329474,130.64838307457157,42.0,75.0,88.23264701911646,94.14881836751856,98.08159868191383,122.41323457861898,145.2067491544384,1,1,200,13333
50.0,45.69463863518345,51.31276644267,75.4254598925323,116.21101496846157,129.65338406690356,42.0,75.0,89.05054744357274,94.36630754670864,97.12363255150623,122.12288892750614,144.61673485458036,1,1,200,13370
50.0,46.09772228646444,50.47771785649585,75.53806987208503,116.82465493208187,128.65846260545786,42.0,75.0,89.87213138676528,94.59386872308374,96.16652224137046,121.8400590938793,144.03124660989366,1,1,200,13407
50.0,46.51881339845203,49.64876634922564,75.66372975210778,117.44360348695028,127.66362050325849,42.0,75.0,90.69729874698585,94.83142938920619,95.2102935611481,121.56479753612885,143.45033983926285,1,1,200,13444
50.0,46.95742752749558,48.82622246293481,75.8023746329889,118.06777714516353,126.66885963013956,42.0,75.0,91.52595260361949,94.25497334358543,95.0789145920377,121.29715577869086,142.87407042567241,1,1,200,13481
50.0,47.41307836451879,48.010415536631214,75.95393340703298,118.69709347747316,125.67418191498204,42.0,75.0,92.35799911215054,93.30058949438637,95.33624704172071,121.03718436910205,142.30249470757707,1,1,200,13519
50.0,47.20169488482379,47.885279575251516,76.11832893594026,119.33147112141039,124.67958934805648,42.0,75.0,92.34717104492157,93.1933474020544,95.60334722173695,120.78493283518438,141.73566946961517,1,1,200,13556
50.0,46.400431032480725,48.373546489791295,76.2954782408499,119.97082978791136,123.68508398347798,42.0,75.0,91.39474820797966,94.03190947758107,95.88013350011565,120.5404496424333,141.1736519326464,1,1,200,13593
50.0,45.60701700396552,48.877397639399746,76.48529270389177,120.61509026651682,122.6906679417795,42.0,75.0,90.44335243676011,94.87360012142472,96.16652224137046,120.30378215168466,140.61649974309557,1,1,200,13630
50.0,44.82186966202994,49.39635614091387,76.68767828015137,121.26417442921878,121.69634341261039,42.0,75.0,89.49301648732151,95.71833680126291,96.46242791885346,120.07497657713701,140.06427096158393,1,1,200,13667
50.0,44.04543109109048,49.92995093127971,76.90253571892151,120.70211265756701,121.91800523302537,42.0,75.0,88.54377448471462,96.56603957913983,96.76776322722355,119.85407794480753,139.51702405083043,1,1,200,13704
50.0,43.278170016764804,50.47771785649585,77.12976079309465,119.70797801316336,122.57650672131263,42.0,75.0,87.5956619930462,97.082439194738,97.41663102366043,119.64113005150027,138.97481786280562,1,1,200,13741
50.0,42.5205832509386,51.03920062069938,77.3692445355388,118.71394189394942,123.23960402403117,42.0,75.0,86.64871608973787,97.40636529508737,98.2700361249552,119.4361754243663,138.43771162512041,1,1,200,13778
50.0,41.773197148410844,51.61395160225576,77.62087348130012,117.72000679578642,123.90722335683259,42.0,75.0,85.70297544426332,97.73944955850733,99.12618221237011,119.23925528113634,137.90576492663388,1,1,200,13815
50.0,41.036569057366385,52.20153254455275,77.88452991448301,116.72617529928752,124.57929201917949,42.0,75.0,84.75848040166836,98.08159868191383,99.98499887483122,119.05040949110591,137.37903770226373,1,1,200,13852
50.0,40.311288741492746,52.80151512977634,78.16009211867653,115.73245007343446,125.00399993600205,42.0,75.0,83.81527307120105,98.43271813782245,100.84641788382967,118.86967653695369,136.8575902169843,1,1,200,13889
50.0,39.59797974644666,53.41348144429457,78.44743462982075,114.73883387938018,124.61540835707277,42.0,75.0,82.87339742040264,98.79271228182775,101.71037311896953,118.69709347747316,136.34148304899725,1,1,200,13926
50.0,38.897300677553446,54.037024344425184,78.74642849044012,113.7453295744489,124.23365083583433,42.0,75.0,81.93289937503738,99.16148445843275,102.57680049601859,118.53269591129698,135.83077707206124,1,1,200,13963
50.0,38.2099463490856,54.67174773134658,79.05694150420949,112.75194011634566,123.8587905640936,42.0,75.0,80.99382692526635,99.53893710503444,103.4456378974,118.37651794169315,135.32553343696821,1,1,200,14000
50.0,37.53664875824692,55.31726674375732,79.37883848986453,111.75866856758807,123.4908903522847,42.0,75.0,80.05623023850174,99.92497185388645,104.31682510506155,118.2285921425101,134.82581355215328,1,1,200,14036
50.0,36.87817782917155,55.97320787662612,79.71198153351854,110.76551810017412,123.13001258832064,42.0,75.0,79.12016177940993,100.31948963187563,105.19030373565806,118.0889495253472,134.33167906342868,1,1,200,14071
50.0,36.235341863986875,56.639209034025185,80.05623023850174,109.77249200050075,122.77621919573839,42.0,75.0,78.18567643756751,100.72239075796404,106.06601717798213,117.957619508025,133.843191832831,1,1,200,14107
50.0,35.608987629529715,57.3149195236284,80.4114419718985,108.77959367454909,122.42957159118053,42.0,75.0,77.25283166331187,101.13357503816425,106.94391053257777,117.83462988442744,133.3604139165742,1,1,200,14143
50.0,35.0,58.0,80.77747210701756,107.78682665335315,122.09013064126027,42.0,75.0,76.32168761236873,101.55294185792945,107.82393055347222,117.72000679578642,132.8834075421006,1,1,200,14179
50.0,34.40930106817051,58.69412236331676,81.15417426109393,106.7941945987702,121.75795661885921,42.0,75.0,75.39230729988306,101.9803902718557,108.70602559196064,117.61377470347595,132.41223508422476,1,1,200,14214
50.0,33.83784863137726,59.39696961966999,81.54140052758476,105.80170130957252,121.43310915891102,42.0,74.46475676452586,75.0,102.41581909060729,109.59014554237986,117.51595636338071,131.94695904036593,1,1,200,14250
50.0,33.28663395418648,60.108235708594876,81.93900170248598,104.80935072788114,121.1156472137271,42.0,73.53910524340094,75.0,102.85912696499032,110.47624178980746,117.42657280190033,131.48764200486676,1,1,200,14286
50.0,32.7566787083184,60.8276253029822,82.34682750416071,103.81714694596457,120.8056290079233,42.0,72.61542535852834,75.0,103.31021246711285,111.36426715962351,117.34564329364768,131.03434664239754,1,1,200,14321
50.0,32.2490309931942,61.554853586049575,82.76472678623425,102.82509421342633,120.50311199301038,42.0,71.69379331573968,75.0,103.76897416858277,112.25417586887359,117.27318534089538,130.58713566044705,1,1,200,14357
50.0,31.76476034853718,62.289646009589745,83.19254774317228,101.83319694480774,120.20815280171308,42.0,70.77428911688199,75.0,104.23531071570709,113.14592347937243,117.2092146548214,130.14607178090316,1,1,200,14393
50.0,31.304951684997057,63.0317380372777,83.6301381082203,100.84145972763385,119.9208072020865,42.0,69.85699678629192,75.0,104.70912090166739,114.03946685248927,117.15374513859982,129.71121771072848,1,1,200,14429
50.0,30.870698080866262,63.7808748764079,84.07734534343957,99.84988733093293,119.64113005150027,42.0,68.94200461257273,75.0,105.19030373565806,114.93476410555685,117.10678887237921,129.28263611173776,1,1,200,14464
50.0,30.463092423455635,64.53681120105021,84.53401682163222,98.85848471426213,119.36917525056458,42.0,68.0294054067798,75.0,105.67875850898325,115.83177456984762,117.06835610018618,128.86038956948718,1,1,200,14500
50.0,30.083217912982647,65.29931086925804,85.0,97.86725703727473,119.10499569707393,42.0,67.11929677819934,75.0,106.17438485811914,116.73045875006231,117.03845521878696,128.4445405612866,1,1,200,14536
50.0,29.732137494637012,66.06814663663572,85.47514258543241,96.87620966986684,118.84864324004712,42.01190307520001,66.2117814289874,75.0,106.6770828247567,117.63077828527702,117.01709276853532,128.03515142334936,1,1,200,14571
50.0,29.410882339705484,66.84309986827361,85.95929269136641,95.88534820294495,118.6001686339442,42.04759208325728,65.30696746902278,75.0,107.18675291284833,118.53269591129698,117.00427342623003,127.63228431709588,1,1,200,14607
50.0,29.120439557122072,67.62396025078685,86.45229898620394,94.89467845985885,118.35962149314267,42.1070065428546,64.40496875241847,75.0,107.70329614269008,119.4361754243663,117.0,127.23600119463045,1,1,200,14643
50.0,28.861739379323623,68.41052550594829,86.95401083331349,93.90420650854784,118.12705024675762,42.190046219457976,63.50590523722971,75.0,108.2266141020775,120.34118164618461,117.00427342623003,126.84636376341263,1,1,200,14679
50.0,28.635642126552707,69.20260110718382,87.46427842267951,92.91393867445294,117.90250209389112,42.2965719651132,62.609903369994115,75.0,108.75660899458019,121.24768039018313,117.01709276853532,126.46343345014795,1,1,200,14714
50.0,28.442925306655784,70.0,87.98295289429652,91.92388155425118,117.6860229593982,42.42640687119285,61.71709649683789,75.0,109.29318368498559,122.15563842901399,117.03845521878696,126.08727136392476,1,1,200,14750
50.0,28.284271247461902,70.80254232723568,88.50988645343524,90.93404203047393,117.47765745025733,42.579337712087536,60.8276253029822,75.0,109.83624174196785,123.06502346320826,117.06835610018618,125.7179382586272,1,1,200,14786
50.0,28.160255680657446,71.61005515987263,89.04493247793498,89.94442728707543,117.27744881263405,42.7551166528639,59.941638282582836,75.0,110.38568747804219,123.97580409095961,117.10678887237921,125.35549449465708,1,1,200,14821
50.0,28.071337695236398,72.42237223399962,88.95504482602435,89.58794561770016,117.08543888972702,42.95346318982906,59.0592922409336,75.0,110.9414259868693,124.88794977899188,117.15374513859982,125.0,1,1,200,14857
50.0,28.0178514522438,73.23933369440222,87.96590248499699,90.13878188659973,116.90166808048549,43.174066289845804,58.180752831155424,75.0,111.50336317797773,125.80143083447024,117.2092146548214,124.65151423067431,1,1,200,14893
50.0,28.0,74.06078584514209,86.97700845625813,90.69729874698585,116.72617529928752,43.41658669218482,57.30619512757761,75.0066663703967,112.0714058089752,126.7162183779172,117.27318534089538,124.31009613060397,1,1,200,14929
50.0,28.0,74.88658090739622,85.98837130682264,91.2633551870629,116.0,43.68065933568311,56.43580423808985,75.02666192761077,112.6454615153225,127.63228431709588,117.34564329364768,123.97580409095961,1,1,200,14964
50.0,28.0,75.71657678474378,85.0,91.83681179135085,115.0,43.965895873961216,55.569775957799216,75.05997601918082,113.22543883774529,128.5496013218244,117.42657280190033,123.64869590901475,1,1,200,15000
50.0,28.0,76.55063683601855,84.01190391843289,92.41753080449618,114.0,44.27188724235731,54.70831746635972,75.1065909225016,113.81124724736128,129.46814279968643,117.51595636338071,123.3288287465668,1,1,200,15036
50.0,28.0,77.38862965578342,83.02409288875127,93.00537618869137,113.0,44.598206241955516,53.85164807134504,75.16648189186454,114.40279716860073,130.3878828726044,117.61377470347595,123.01625908797584,1,1,200,15071
50.0,28.0,78.23042886243178,82.03657720797473,93.60021367496978,112.0,44.94441010848846,53.0,75.23961722390672,115.0,131.30879635424276,117.72000679578642,122.71104269787622,1,1,200,15107
50.0,28.0,79.07591289387686,81.04936767180853,94.2019108086455,111.0,45.31004303683677,52.15361924162119,75.32595834106593,115.6027681329474,130.64838307457157,117.83462988442744,122.41323457861898,1,1,200,15143
50.0,28.0,79.92496481075234,80.06247560499239,94.81033698917012,110.0,45.69463863518345,51.31276644267,75.4254598925323,116.21101496846157,129.65338406690356,117.957619508025,122.12288892750614,1,1,200,15179
50.0,28.0,79.07591289387686,80.77747210701756,95.42536350467836,109.0,46.09772228646444,50.47771785649585,75.53806987208503,116.82465493208187,128.65846260545786,118.0889495253472,121.8400590938793,1,1,200,15214
50.0,28.0,78.08969202141856,81.6333265278342,96.04686356149273,108.0,46.51881339845203,49.64876634922564,75.66372975210778,117.44360348695028,127.66362050325849,118.2285921425101,121.56479753612885,1,1,200,15250
50.0,28.0,77.10382610480494,82.49242389456137,96.67471230885562,107.0,46.95742752749558,48.82622246293481,75.8023746329889,118.06777714516353,126.66885963013956,118.37651794169315,121.29715577869086,1,1,200,15286
50.0,28.0,76.11832893594026,83.35466393669883,97.30878685915265,106.0,47.41307836451879,48.010415536631214,75.95393340703298,118.69709347747316,125.67418191498204,118.53269591129698,121.03718436910205,1,1,200,15321
50.0,28.0,75.13321502504735,84.21995013059554,97.94896630388705,105.0,47.20169488482379,47.885279575251516,76.11832893594026,119.33147112141039,124.67958934805648,118.69709347747316,120.78493283518438,1,1,200,15357
50.0,28.0,74.14849964766651,85.0881895447306,98.59513172565875,104.0,46.400431032480725,48.373546489791295,76.2954782408499,119.97082978791136,123.68508398347798,118.86967653695369,120.5404496424333,1,1,200,15393
50.0,28.0,73.16419889536138,85.95929269136641,99.24716620639605,103.0,45.60701700396552,48.877397639399746,76.48529270389177,120.61509026651682,122.6906679417795,119.05040949110591,120.30378215168466,1,1,200,15429
50.0,28.0,72.18032973047436,86.83317338436964,99.90495483208028,102.0,44.82186966202994,49.39635614091387,76.68767828015137,121.26417442921878,121.69634341261039,119.23925528113634,120.07497657713701,1,1,200,15464
50.0,28.0,71.19691004531025,87.70974860299168,100.56838469419701,101.0,44.04543109109048,49.92995093127971,76.90253571892151,120.70211265756701,121.91800523302537,119.4361754243663,119.85407794480753,1,1,200,15500
50.0,28.0,70.21395872616783,88.58893836140041,100.0,101.23734488813898,43.278170016764804,50.47771785649585,77.12976079309465,119.70797801316336,122.57650672131263,119.64113005150027,119.64113005150027,1,1,200,15536
50.0,28.0,69.2314957226839,89.47066558375433,99.0,101.91172650877817,42.5205832509386,51.03920062069938,77.3692445355388,118.71394189394942,123.23960402403117,119.85407794480753,119.4361754243663,1,1,200,15571
50.0,28.0,68.24954212300622,90.35485598461214,98.0,102.59142264341595,41.773197148410844,51.61395160225576,77.62087348130012,117.72000679578642,123.90722335683259,120.07497657713701,119.23925528113634,1,1,200,15607
50.0,28.0,67.26812023536856,91.2414379544733,97.0,103.27632836231156,41.036569057366385,52.20153254455275,77.88452991448301,116.72617529928752,124.57929201917949,120.30378215168466,119.05040949110591,1,1,200,15643
50.0,28.0,66.2872536767062,92.13034245024816,96.0,103.81714694596457,40.311288741492746,52.80151512977634,78.16009211867653,115.73245007343446,125.00399993600205,120.5404496424333,118.86967653695369,1,1,200,15679
50.0,28.0,65.30696746902278,93.02150289046077,95.0,102.88342918079665,39.59797974644666,53.41348144429457,78.44743462982075,114.73883387938018,124.61540835707277,120.78493283518438,118.69709347747316,1,1,200,15714
50.0,28.0,64.32728814430156,93.91485505499116,94.0,101.95096860746347,38.897300677553446,54.037024344425184,78.74642849044012,113.7453295744489,124.23365083583433,121.03718436910205,118.53269591129698,1,1,200,15750
50.0,28.0,63.34824385884742,93.0,94.81033698917012,101.01980003939822,38.2099463490856,54.67174773134658,79.05694150420949,112.75194011634566,123.8587905640936,121.29715577869086,118.37651794169315,1,1,200,15786
50.0,28.0,62.369864518050704,92.0,95.70788891204319,100.08995953640904,37.53664875824692,55.31726674375732,79.37883848986453,111.75866856758807,123.4908903522847,121.56479753612885,118.2285921425101,1,1,200,15821
50.0,28.0,61.39218191268331,91.0,96.60745312862771,99.16148445843275,36.87817782917155,55.97320787662612,79.71198153351854,110.76551810017412,123.13001258832064,121.8400590938793,118.0889495253472,1,1,200,15857
50.0,28.0,60.41522986797286,90.0,97.50897394599124,98.2344135219425,36.235341863986875,56.639209034025185,80.05623023850174,109.77249200050075,122.77621919573839,122.12288892750614,117.957619508025,1,1,200,15893
50.0,28.0,59.43904440685432,89.0,97.30878685915265,98.41239759298622,35.608987629529715,57.3149195236284,80.4114419718985,108.77959367454909,122.42957159118053,122.41323457861898,117.83462988442744,1,1,200,15929
50.0,28.0,58.463663928973865,88.0,96.38464608017192,99.31767214348109,35.0,58.0,80.77747210701756,107.78682665335315,122.09013064126027,122.71104269787622,117.72000679578642,1,1,200,15964
48.0,28.0,59.43904440685432,89.0,97.30878685915265,98.41239759298622,34.40930106817051,58.69412236331676,81.15417426109393,106.7941945987702,121.75795661885921,122.41323457861898,117.61377470347595,0,1,200,16000
46.0,28.0,60.41522986797286,90.0,97.50897394599124,98.2344135219425,33.83784863137726,59.39696961966999,81.54140052758476,105.80170130957252,121.43310915891102,122.12288892750614,117.51595636338071,0,1,200,16037
44.0,28.0,61.39218191268331,91.0,96.60745312862771,99.16148445843275,33.28663395418648,60.108235708594876,81.93900170248598,104.80935072788114,121.1156472137271,121.8400590938793,117.42657280190033,0,1,200,16074
42.0,28.0,62.369864518050704,92.0,95.70788891204319,100.08995953640904,32.7566787083184,60.8276253029822,82.34682750416071,103.81714694596457,120.8056290079233,121.56479753612885,117.34564329364768,0,1,200,16111
40.0,28.0,63.34824385884742,93.0,94.81033698917012,101.01980003939822,32.2490309931942,61.554853586049575,82.76472678623425,102.82509421342633,120.50311199301038,121.29715577869086,117.27318534089538,0,1,200,16148
38.0,28.0,64.32728814430156,93.91485505499116,94.0,101.95096860746347,31.76476034853718,62.289646009589745,83.19254774317228,101.83319694480774,120.20815280171308,121.03718436910205,117.2092146548214,0,1,200,16185
36.0,28.0,65.30696746902278,93.02150289046077,95.0,102.88342918079665,31.304951684997057,63.0317380372777,83.6301381082203,100.84145972763385,119.9208072020865,120.78493283518438,117.15374513859982,0,1,200,16222
34.0,28.0,66.2872536767062,92.13034245024816,96.0,103.81714694596457,30.870698080866262,63.7808748764079,84.07734534343957,99.84988733093293,119.64113005150027,120.5404496424333,117.10678887237921,0,1,200,16259
32.0,28.0,67.26812023536856,91.2414379544733,97.0,103.27632836231156,30.463092423455635,64.53681120105021,84.53401682163222,98.85848471426213,119.36917525056458,120.30378215168466,117.06835610018618,0,1,200,16296
30.0,28.0,68.24954212300622,90.35485598461214,98.0,102.59142264341595,30.083217912982647,65.29931086925804,85.0,97.86725703727473,119.10499569707393,120.07497657713701,117.03845521878696,0,1,200,16333
28.0,28.0,69.2314957226839,89.47066558375433,99.0,101.91172650877817,29.732137494637012,66.06814663663572,85.47514258543241,96.87620966986684,118.84864324004712,119.85407794480753,117.01709276853532,0,1,200,16370
26.0,28.0,70.21395872616783,88.58893836140041,100.0,101.23734488813898,29.410882339705484,66.84309986827361,85.95929269136641,95.88534820294495,118.6001686339442,119.64113005150027,117.00427342623003,0,1,200,16407
24.0,28.0,71.19691004531025,87.70974860299168,100.56838469419701,101.0,29.120439557122072,67.62396025078685,86.45229898620394,94.89467845985885,118.35962149314267,119.4361754243663,117.0,0,1,200,16444
22.0,28.0,72.18032973047436,86.83317338436964,99.90495483208028,102.0,28.861739379323623,68.41052550594829,86.95401083331349,93.90420650854784,118.12705024675762,119.23925528113634,117.00427342623003,0,1,200,16481
20.0,28.0,73.16419889536138,85.95929269136641,99.24716620639605,103.0,28.635642126552707,69.20260110718382,87.46427842267951,92.91393867445294,117.90250209389112,119.05040949110591,117.01709276853532,0,1,200,16519
18.0,28.0,74.14849964766651,85.0881895447306,98.59513172565875,104.0,28.442925306655784,70.0,87.98295289429652,91.92388155425118,117.6860229593982,118.86967653695369,117.03845521878696,0,1,200,16556
16.0,28.0,75.13321502504735,84.21995013059554,97.94896630388705,105.0,28.284271247461902,70.80254232723568,88.50988645343524,90.93404203047393,117.47765745025733,118.69709347747316,117.06835610018618,0,1,200,16593
14.0,28.0,76.11832893594026,83.35466393669883,97.30878685915265,106.0,28.160255680657446,71.61005515987263,89.04493247793498,89.94442728707543,117.27744881263405,118.53269591129698,117.10678887237921,0,1,200,16630
12.0,28.0,77.10382610480494,82.49242389456137,96.67471230885562,107.0,28.071337695236398,72.42237223399962,88.95504482602435,89.58794561770016,117.08543888972702,118.37651794169315,117.15374513859982,0,1,200,16667
10.0,28.0,78.08969202141856,81.6333265278342,96.04686356149273,108.0,28.0178514522438,73.23933369440222,87.96590248499699,90.13878188659973,116.90166808048549,118.2285921425101,117.2092146548214,0,1,200,16704
8.0,28.0,79.07591289387686,80.77747210701756,95.42536350467836,109.0,28.0,74.06078584514209,86.97700845625813,90.69729874698585,116.72617529928752,118.0889495253472,117.27318534089538,0,1,200,16741
6.0,28.0,79.92496481075234,80.06247560499239,94.81033698917012,110.0,28.0,74.88658090739622,85.98837130682264,91.2633551870629,116.0,117.957619508025,117.34564329364768,0,1,200,16778
4.0,28.0,79.07591289387686,81.04936767180853,94.2019108086455,111.0,28.0,75.71657678474378,85.0,91.83681179135085,115.0,117.83462988442744,117.42657280190033,0,1,200,16815
2.0,28.0,78.23042886243178,82.03657720797473,93.60021367496978,112.0,28.0,76.55063683601855,84.01190391843289,92.41753080449618,114.0,117.72000679578642,117.51595636338071,0,1,200,16852
0.0,28.0,77.38862965578342,83.02409288875127,93.00537618869137,113.0,28.0,77.38862965578342,83.02409288875127,93.00537618869137,113.0,117.61377470347595,117.61377470347595,0,1,200,16889
2.0,28.0,76.55063683601855,84.01190391843289,92.41753080449618,114.0,28.0,78.23042886243178,82.03657720797473,93.60021367496978,112.0,117.51595636338071,117.72000679578642,0,1,200,16926
4.0,28.0,75.71657678474378,85.0,91.83681179135085,115.0,28.0,79.07591289387686,81.04936767180853,94.2019108086455,111.0,117.42657280190033,117.83462988442744,0,1,200,16963
6.0,28.0,74.88658090739622,85.98837130682264,91.2633551870629,116.0,28.0,79.92496481075234,80.06247560499239,94.81033698917012,110.0,117.34564329364768,117.957619508025,0,1,200,17000
8.0,28.0,74.06078584514209,86.97700845625813,90.69729874698585,116.72617529928752,28.0,79.07591289387686,80.77747210701756,95.42536350467836,109.0,117.27318534089538,118.0889495253472,0,1,200,17036
10.0,28.0178514522438,73.23933369440222,87.96590248499699,90.13878188659973,116.90166808048549,28.0,78.08969202141856,81.6333265278342,96.04686356149273,108.0,117.2092146548214,118.2285921425101,0,1,200,17071
12.0,28.071337695236398,72.42237223399962,88.95504482602435,89.58794561770016,117.08543888972702,28.0,77.10382610480494,82.49242389456137,96.67471230885562,107.0,117.15374513859982,118.37651794169315,0,1,200,17107
14.0,28.160255680657446,71.61005515987263,89.04493247793498,89.94442728707543,117.27744881263405,28.0,76.11832893594026,83.35466393669883,97.30878685915265,106.0,117.10678887237921,118.53269591129698,0,1,200,17143
16.0,28.284271247461902,70.80254232723568,88.50988645343524,90.93404203047393,117.47765745025733,28.0,75.13321502504735,84.21995013059554,97.94896630388705,105.0,117.06835610018618,118.69709347747316,0,1,200,17179
18.0,28.442925306655784,70.0,87.98295289429652,91.92388155425118,117.6860229593982,28.0,74.14849964766651,85.0881895447306,98.59513172565875,104.0,117.03845521878696,118.86967653695369,0,1,200,17214
20.0,28.635642126552707,69.20260110718382,87.46427842267951,92.91393867445294,117.90250209389112,28.0,73.16419889536138,85.95929269136641,99.24716620639605,103.0,117.01709276853532,119.05040949110591,0,1,200,17250
21.0,28.861739379323623,68.41052550594829,86.95401083331349,93.90420650854784,118.12705024675762,28.0,73.16419889536138,85.95929269136641,99.24716620639605,103.0,117.00427342623003,119.05040949110591,0,4,200,17286
22.0,29.120439557122072,67.62396025078685,86.45229898620394,94.89467845985885,118.35962149314267,28.0,73.16419889536138,85.95929269136641,99.24716620639605,103.0,117.0,119.05040949110591,0,4,200,17321
23.0,29.410882339705484,66.84309986827361,85.95929269136641,95.88534820294495,118.6001686339442,28.0,73.16419889536138,85.95929269136641,99.24716620639605,103.0,117.00427342623003,119.05040949110591,0,4,200,17357
24.0,29.732137494637012,66.06814663663572,85.47514258543241,96.87620966986684,118.84864324004712,28.0,73.16419889536138,85.95929269136641,99.24716620639605,103.0,117.01709276853532,119.05040949110591,0,4,200,17393
25.0,30.083217912982647,65.29931086925804,85.0,97.86725703727473,119.10499569707393,28.0,73.16419889536138,85.95929269136641,99.24716620639605,103.0,117.03845521878696,119.05040949110591,0,4,200,17429
26.0,30.463092423455635,64.53681120105021,84.53401682163222,98.85848471426213,119.36917525056458,28.0,73.16419889536138,85.95929269136641,99.24716620639605,103.0,117.06835610018618,119.05040949110591,0,4,200,17464
27.0,30.870698080866262,63.7808748764079,84.07734534343957,99.84988733093293,119.64113005150027,28.0,73.16419889536138,85.95929269136641,99.24716620639605,103.0,117.10678887237921,119.05040949110591,0,4,200,17500
28.0,31.304951684997057,63.0317380372777,83.6301381082203,100.84145972763385,119.9208072020865,28.0,73.16419889536138,85.95929269136641,99.24716620639605,103.0,117.15374513859982,119.05040949110591,0,4,200,17536
29.0,31.76476034853718,62.289646009589745,83.19254774317228,101.83319694480774,120.20815280171308,28.0,73.16419889536138,85.95929269136641,99.24716620639605,103.0,117.2092146548214,119.05040949110591,0,4,200,17571
30.0,32.2490309931942,61.554853586049575,82.76472678623425,102.82509421342633,120.50311199301038,28.0,73.16419889536138,85.95929269136641,99.24716620639605,103.0,117.27318534089538,119.05040949110591,0,4,200,17607
31.0,32.7566787083184,60.8276253029822,82.34682750416071,103.81714694596457,120.8056290079233,28.0,73.16419889536138,85.95929269136641,99.24716620639605,103.0,117.34564329364768,119.05040949110591,0,4,200,17643
30.0,32.2490309931942,61.554853586049575,82.76472678623425,102.82509421342633,120.50311199301038,28.0,73.16419889536138,85.95929269136641,99.24716620639605,103.0,117.27318534089538,119.05040949110591,1,4,200,17821
29.0,31.76476034853718,62.289646009589745,83.19254774317228,101.83319694480774,120.20815280171308,28.0,73.16419889536138,85.95929269136641,99.24716620639605,103.0,117.2092146548214,119.05040949110591,1,4,200,17857
28.0,31.304951684997057,63.0317380372777,83.6301381082203,100.84145972763385,119.9208072020865,28.0,73.16419889536138,85.95929269136641,99.24716620639605,103.0,117.15374513859982,119.05040949110591,1,4,200,17893
27.0,30.870698080866262,63.7808748764079,84.07734534343957,99.84988733093293,119.64113005150027,28.0,73.16419889536138,85.95929269136641,99.24716620639605,103.0,117.10678887237921,119.05040949110591,1,4,200,17929
26.0,30.463092423455635,64.53681120105021,84.53401682163222,98.85848471426213,119.36917525056458,28.0,73.16419889536138,85.95929269136641,99.24716620639605,103.0,117.06835610018618,119.05040949110591,1,4,200,17964
25.0,30.083217912982647,65.29931086925804,85.0,97.86725703727473,119.10499569707393,28.0,73.16419889536138,85.95929269136641,99.24716620639605,103.0,117.03845521878696,119.05040949110591,1,4,200,18000
24.0,29.732137494637012,66.06814663663572,85.47514258543241,96.87620966986684,118.84864324004712,28.0,73.16419889536138,85.95929269136641,99.24716620639605,103.0,117.01709276853532,119.05040949110591,1,4,200,18036
23.0,29.410882339705484,66.84309986827361,85.95929269136641,95.88534820294495,118.6001686339442,28.0,73.16419889536138,85.95929269136641,99.24716620639605,103.0,117.00427342623003,119.05040949110591,1,4,200,18071
22.0,29.120439557122072,67.62396025078685,86.45229898620394,94.89467845985885,118.35962149314267,28.0,73.16419889536138,85.95929269136641,99.24716620639605,103.0,117.0,119.05040949110591,1,4,200,18107
21.0,28.861739379323623,68.41052550594829,86.95401083331349,93.90420650854784,118.12705024675762,28.0,73.16419889536138,85.95929269136641,99.24716620639605,103.0,117.00427342623003,119.05040949110591,1,4,200,18143
20.0,28.635642126552707,69.20260110718382,87.46427842267951,92.91393867445294,117.90250209389112,28.0,73.16419889536138,85.95929269136641,99.24716620639605,103.0,117.01709276853532,119.05040949110591,1,4,200,18179
20.024984394500787,29.614185789921695,68.60029154456998,86.6083136886985,92.77930803794561,116.92732785794773,28.0,73.16419889536138,85.95929269136641,99.24716620639605,103.0,116.01724009818541,119.05040949110591,2,4,200,18214
20.09975124224178,30.59411708155671,68.00735254367721,85.75546629807339,92.65527507918802,115.95257651298655,28.0,73.16419889536138,85.95929269136641,99.24716620639605,103.0,115.0173899895142,119.05040949110591,2,4,200,18250
20.223748416156685,31.575306807693888,67.42403132415029,84.90583018850944,92.5418824100742,114.97825881443848,28.0,73.16419889536138,85.95929269136641,99.24716620639605,103.0,114.0175425099138,119.05040949110591,2,4,200,18286
20.396078054371138,32.55764119219941,66.85057965343307,84.05950273467003,92.43916918709297,114.00438588054409,28.0,73.16419889536138,85.95929269136641,99.24716620639605,103.0,113.01769772916099,119.05040949110591,2,4,200,18321
20.615528128088304,33.54101966249684,66.2872536767062,83.21658488546619,92.34717104492157,113.03096920755833,28.0,73.16419889536138,85.95929269136641,99.24716620639605,103.0,112.01785571952357,119.05040949110591,2,4,200,18357
20.8806130178211,34.52535300326414,65.73431371817918,82.37718130647589,92.26592003551474,112.05802068571441,28.0,73.16419889536138,85.95929269136641,99.24716620639605,103.0,111.01801655587259,119.05040949110591,2,4,200,18393
21.18962010041709,35.510561809129406,65.19202405202648,81.54140052758476,92.19544457292888,111.08555261599052,28.0,73.16419889536138,85.95929269136641,99.24716620639605,103.0,110.01818031580054,119.05040949110591,2,4,200,18429
21.540659228538015,36.49657518178932,64.66065264130884,80.7093550959243,92.13576938409967,110.11357772772621,28.0,73.16419889536138,85.95929269136641,99.24716620639605,103.0,109.01834707974616,119.05040949110591,2,4,200,18464
21.93171219946131,37.48332962798263,64.1404708432983,79.88116173416608,92.0869154657707,109.14210919713803,28.0,73.16419889536138,85.95929269136641,99.24716620639605,103.0,108.01851693112621,119.05040949110591,2,4,200,18500
21.02379604162864,37.33630940518894,65.0,80.44874144447506,91.08786966440702,108.90821823902914,28.0,73.16419889536138,85.95929269136641,99.24716620639605,103.0,108.04165863221463,119.05040949110591,1,4,200,18536
20.12461179749811,37.21558813185679,65.86349520030045,81.02468759581859,90.08884503644167,108.6830253535482,28.0,73.16419889536138,85.95929269136641,99.24716620639605,103.0,108.07404868885037,119.05040949110591,1,4,200,18571
19.235384061671343,37.12142238654117,66.73080248281148,81.60882305241266,89.08984229416954,108.4665847162157,28.0,73.16419889536138,85.95929269136641,99.24716620639605,103.0,108.11567878897121,119.05040949110591,1,4,200,18607
18.35755975068582,37.05401462729781,67.60177512462228,82.20097323024831,88.09086218218096,108.25894882179486,28.0,73.16419889536138,85.95929269136641,99.24716620639605,103.0,108.16653826391968,119.05040949110591,1,4,200,18643
17.4928556845359,37.013511046643494,68.47627326307996,82.80096617793781,87.09190547921202,108.06016842481785,28.0,73.16419889536138,85.95929269136641,99.24716620639605,103.0,108.2266141020775,119.05040949110591,1,4,200,18679
16.64331697709324,37.0,69.35416353759881,83.40863264674707,86.09297300012354,107.8702924812944,28.0,73.16419889536138,85.95929269136641,99.24716620639605,103.0,108.29589096544707,119.05040949110591,1,4,200,18714
17.204650534085253,38.0,68.8839603971781,82.61961026293939,86.05230967266364,106.88779163215975,28.0,73.16419889536138,85.95929269136641,99.24716620639605,103.0,107.29864864013899,119.05040949110591,2,4,200,18750
17.804493814764857,39.0,68.42514157822401,81.83520025025906,86.02325267042627,105.90561835898981,28.0,73.16419889536138,85.95929269136641,99.24716620639605,103.0,106.30145812734649,119.05040949110591,2,4,200,18786
18.439088914585774,40.0,67.97793759742936,81.05553651663777,86.00581375697809,104.92378186092989,28.0,73.16419889536138,85.95929269136641,99.24716620639605,103.0,105.30432089900205,119.05040949110591,2,4,200,18821
19.1049731745428,41.0,67.54257916307313,80.2807573457052,86.0,103.94229168149026,28.0,73.16419889536138,85.95929269136641,99.24716620639605,103.0,104.30723848324239,119.05040949110591,2,4,200,18857
19.79898987322333,42.0,67.11929677819934,79.51100552753688,86.0,102.96115772464877,28.0,73.16419889536138,85.95929269136641,99.24716620639605,103.0,103.31021246711285,119.05040949110591,2,4,200,18893
20.518284528683193,43.0,66.70832032063167,78.74642849044012,86.0,101.9803902718557,28.0,73.16419889536138,85.95929269136641,99.24716620639605,103.0,102.3132444994293,119.05040949110591,2,4,200,18929
21.2602916254693,44.0,66.30987860040162,77.98717843338096,86.0,101.0,28.0,73.16419889536138,85.95929269136641,99.24716620639605,103.0,101.31633629380802,119.05040949110591,2,4,200,18964
22.02271554554524,45.0,65.92419889539804,77.23341245859851,86.0,100.0199980003999,28.0,73.16419889536138,85.95929269136641,99.24716620639605,103.0,100.31948963187563,119.05040949110591,2,4,200,19000
22.80350850198276,46.0,65.55150646628954,76.48529270389177,86.0,99.04039579888602,28.0,73.16419889536138,85.95929269136641,99.24716620639605,103.0,99.32270636667126,119.05040949110591,2,4,200,19036
23.600847442411894,47.0,65.19202405202648,75.7429864739964,86.0,98.0612053770501,28.0,73.16419889536138,85.95929269136641,99.24716620639605,103.0,98.32598842625484,119.05040949110591,2,4,200,19071
24.413111231467404,48.0,64.8459713474939,75.0066663703967,86.0,97.082439194738,28.0,73.16419889536138,85.95929269136641,99.24716620639605,103.0,97.32933781753577,119.05040949110591,2,4,200,19107
25.238858928247925,49.0,64.51356446515724,74.27651041883968,86.0,96.1041102138717,28.0,73.16419889536138,85.95929269136641,99.24716620639605,103.0,96.33275663033837,119.05040949110591,2,4,200,19143
26.076809620810597,50.0,64.19501538281614,73.55270219373317,86.0,95.12623192369179,28.0,73.16419889536138,85.95929269136641,99.24716620639605,103.0,95.33624704172071,119.05040949110591,2,4,200,19179
26.92582403567252,51.0,63.89053137985315,72.83543093852057,86.0,94.14881836751856,28.0,73.16419889536138,85.95929269136641,99.24716620639605,103.0,94.33981132056604,119.05040949110591,2,4,200,19214
27.784887978899608,52.0,63.60031446463138,72.12489168102785,86.0,93.17188417113823,28.0,73.16419889536138,85.95929269136641,99.24716620639605,103.0,93.34345183246653,119.05040949110591,2,4,200,19250
28.653097563788805,53.0,63.324560795950255,71.42128534267638,86.0,92.19544457292888,28.0,73.16419889536138,85.95929269136641,99.24716620639605,103.0,92.34717104492157,119.05040949110591,2,4,200,19286
29.5296461204668,54.0,63.06346010171025,70.7248188403477,86.0,91.21951545584969,28.0,73.16419889536138,85.95929269136641,99.24716620639605,103.0,91.35097153287424,119.05040949110591,2,4,200,19321
30.4138126514911,55.0,62.81719509815764,70.03570517957252,86.0,90.24411338142782,28.0,73.16419889536138,85.95929269136641,99.24716620639605,103.0,90.35485598461214,119.05040949110591,2,4,200,19357
31.304951684997057,56.0,62.5859409132754,69.35416353759881,86.0,89.26925562588724,28.0,73.16419889536138,85.95929269136641,99.24716620639605,103.0,89.35882720806042,119.05040949110591,2,4,200,19393
32.202484376209235,57.0,62.369864518050704,68.6804193347711,86.0,88.29496021857646,28.0,73.16419889536138,85.95929269136641,99.24716620639605,103.0,88.36288813749809,119.05040949110591,2,4,200,19429
33.1058907144937,58.0,62.16912416947821,68.01470429252781,86.0,87.32124598286491,28.0,73.16419889536138,85.95929269136641,99.24716620639605,103.0,87.36704184073076,119.05040949110591,2,4,200,19464
34.0147027033899,59.0,61.98386886924694,67.35725647619564,86.0,86.34813257969161,28.0,73.16419889536138,85.95929269136641,99.24716620639605,103.0,86.37129152675674,119.05040949110591,2,4,200,19500
34.92849839314596,60.0,61.814237842102365,66.70832032063167,85.37564055396598,86.0,28.0,73.16419889536138,85.95929269136641,99.24716620639605,103.0,85.37564055396598,119.05040949110591,2,4,200,19536
35.84689665786984,61.0,61.66036003787198,66.06814663663572,84.40379138403677,86.0,28.0,73.16419889536138,85.95929269136641,99.24716620639605,103.0,84.38009243891595,119.05040949110591,2,4,200,19571
36.76955262170047,61.5223536610881,62.0,65.43699259593154,83.43260753446461,86.0,28.0,73.16419889536138,85.95929269136641,99.24716620639605,103.0,83.38465086573187,119.05040949110591,2,4,200,19607
37.69615364994153,61.40032573203501,63.0,64.81512169239521,82.46211251235322,86.0,28.0,73.16419889536138,85.95929269136641,99.24716620639605,103.0,82.38931969618392,119.05040949110591,2,4,200,19643
38.62641583165593,61.29437168288782,64.0,64.20280367709809,81.49233092751734,86.0,28.0,73.16419889536138,85.95929269136641,99.24716620639605,103.0,81.39410298049853,119.05040949110591,2,4,200,19679
39.56008088970496,61.204574992397426,63.60031446463138,65.0,80.52328855678958,86.0,28.0,73.16419889536138,85.95929269136641,99.24716620639605,103.0,80.39900496896712,119.05040949110591,2,4,200,19714
40.496913462633174,61.1310068623117,63.00793600809346,66.0,79.55501241279521,86.0,28.0,73.16419889536138,85.95929269136641,99.24716620639605,103.0,79.40403012442127,119.05040949110591,2,4,200,19750
41.43669871020132,61.07372593840988,62.42595614005443,67.0,78.587530817554,86.0,28.0,73.16419889536138,85.95929269136641,99.24716620639605,103.0,78.40918313565064,119.05040949110591,2,4,200,19786
42.37924020083418,61.032778078668514,61.85466837676846,68.0,77.62087348130012,86.0,28.0,73.16419889536138,85.95929269136641,99.24716620639605,103.0,77.41446893184762,119.05040949110591,2,4,200,19821
43.32435804486894,61.00819617067857,61.29437168288782,69.0,76.6550715869472,86.0,28.0,73.16419889536138,85.95929269136641,99.24716620639605,103.0,76.4198926981712,119.05040949110591,2,4,200,19857
44.27188724235731,60.74537019394976,61.0,70.0,75.69015788066504,86.0,28.0,73.16419889536138,85.95929269136641,99.24716620639605,103.0,75.4254598925323,119.05040949110591,2,4,200,19893
45.221676218380054,60.207972893961475,61.0,71.0,74.72616676907762,86.0,28.0,73.16419889536138,85.95929269136641,99.24716620639605,103.0,74.43117626371358,119.05040949110591,2,4,200,19929
46.17358552246078,59.682493245507096,61.0,72.0,73.76313442364011,86.0,28.0,73.16419889536138,85.95929269136641,99.24716620639605,103.0,73.43704787094863,119.05040949110591,2,4,200,19964
47.12748667179272,59.16924876994806,61.0,72.80109889280519,73.0,86.0,28.0,73.16419889536138,85.95929269136641,99.24716620639605,103.0,72.44308110509934,119.05040949110591,2,4,200,20000
48.08326112068523,58.66856057549052,61.0,71.84010022264724,74.0,86.0,28.0,73.16419889536138,85.95929269136641,99.24716620639605,103.0,71.449282711585,119.05040949110591,2,4,200,20036
49.040799340956916,58.180752831155424,61.0,70.8801805866774,75.0,86.0,28.0,73.16419889536138,85.95929269136641,99.24716620639605,103.0,70.45565981523414,119.05040949110591,2,4,200,20071
50.0,57.706152185014034,61.0,69.92138442565336,76.0,86.0,28.0,73.16419889536138,85.95929269136641,99.24716620639605,103.0,69.46221994724903,119.05040949110591,2,4,200,20107
50.0,57.706152185014034,61.0,69.92138442565336,76.0,86.0,28.0,73.16419889536138,85.95929269136641,99.24716620639605,103.0,69.46221994724903,119.05040949110591,2,4,200,20143
50.0,57.706152185014034,61.0,69.92138442565336,76.0,86.0,28.0,73.16419889536138,85.95929269136641,99.24716620639605,103.0,69.46221994724903,119.05040949110591,2,4,200,20179
50.0,57.706152185014034,61.0,69.92138442565336,76.0,86.0,28.0,73.16419889536138,85.95929269136641,99.24716620639605,103.0,69.46221994724903,119.05040949110591,2,4,200,20214
50.0,57.706152185014034,61.0,69.92138442565336,76.0,86.0,28.0,73.16419889536138,85.95929269136641,99.24716620639605,103.0,69.46221994724903,119.05040949110591,2,4,200,20250
50.0,57.706152185014034,61.0,69.92138442565336,76.0,86.0,28.0,73.16419889536138,85.95929269136641,99.24716620639605,103.0,69.46221994724903,119.05040949110591,2,4,200,20286
50.0,57.706152185014034,61.0,69.92138442565336,76.0,86.0,28.0,73.16419889536138,85.95929269136641,99.24716620639605,103.0,69.46221994724903,119.05040949110591,2,4,200,20321
50.0,57.706152185014034,61.0,69.92138442565336,76.0,86.0,28.0,73.16419889536138,85.95929269136641,99.24716620639605,103.0,69.46221994724903,119.05040949110591,2,4,200,20357
50.0,57.706152185014034,61.0,69.92138442565336,76.0,86.0,28.0,73.16419889536138,85.95929269136641,99.24716620639605,103.0,69.46221994724903,119.05040949110591,2,4,200,20393
50.0,57.706152185014034,61.0,69.92138442565336,76.0,86.0,28.0,73.16419889536138,85.95929269136641,99.24716620639605,103.0,69.46221994724903,119.05040949110591,2,4,200,20429
50.0,57.706152185014034,61.0,69.92138442565336,76.0,86.0,28.0,73.16419889536138,85.95929269136641,99.24716620639605,103.0,69.46221994724903,119.05040949110591,2,4,200,20464
50.0,57.706152185014034,61.0,69.92138442565336,76.0,86.0,28.0,73.16419889536138,85.95929269136641,99.24716620639605,103.0,69.46221994724903,119.05040949110591,2,4,200,20500
50.0,57.706152185014034,61.0,69.92138442565336,76.0,86.0,28.0,73.16419889536138,85.95929269136641,99.24716620639605,103.0,69.46221994724903,119.05040949110591,2,4,200,20536
50.0,57.706152185014034,61.0,69.92138442565336,76.0,86.0,28.0,73.16419889536138,85.95929269136641,99.24716620639605,103.0,69.46221994724903,119.05040949110591,2,4,200,20571
50.0,57.706152185014034,61.0,69.92138442565336,76.0,86.0,28.0,73.16419889536138,85.95929269136641,99.24716620639605,103.0,69.46221994724903,119.05040949110591,2,4,200,20607
50.0,57.706152185014034,61.0,69.92138442565336,76.0,86.0,28.0,73.16419889536138,85.95929269136641,99.24716620639605,103.0,69.46221994724903,119.05040949110591,2,4,200,20643
50.0,57.706152185014034,61.0,69.92138442565336,76.0,86.0,28.0,73.16419889536138,85.95929269136641,99.24716620639605,103.0,69.46221994724903,119.05040949110591,2,4,200,20679
50.0,57.245087125446844,61.0,68.96375859826666,77.0,86.0,29.0,72.99315036357864,85.47514258543241,98.49365461794989,103.0,68.46897107449476,118.06777714516353,2,2,200,20714
50.0,56.79788728465171,61.0,68.00735254367721,78.0,86.0,30.0,72.83543093852057,85.0,97.74456506629922,103.0,67.47592163134935,117.08543888972702,2,2,200,20750
50.0,56.36488268416781,61.0,67.05221845696084,79.0,86.0,31.0,72.69112738154499,84.53401682163222,97.0,103.0,66.48308055437865,116.10340218959993,2,2,200,20786
50.0,55.94640292279746,61.0,66.09841147864296,80.0,86.0,32.0,72.56031973468694,84.07734534343957,96.26006440887103,103.0,65.49045732013177,115.12167476196652,2,2,200,20821
50.0,55.54277630799526,61.0,65.14598989960932,81.0,85.90692637965812,33.0,72.44308110509934,83.6301381082203,95.524865872714,103.0,64.4980619863884,114.1402645870422,2,2,200,20857
50.0,55.154328932550705,61.0,64.19501538281614,82.0,84.92938243034621,34.0,72.3394774656273,83.19254774317228,94.79451460923254,103.0,63.50590523722971,113.1591799192624,2,2,200,20893
50.0,54.78138369920935,61.0,63.245553203367585,83.0,83.95236744726142,35.0,72.24956747275377,82.76472678623425,94.06912352095134,103.0,62.51399843235114,112.17842929904127,2,2,200,20929
50.0,54.42425929675111,61.0,62.297672508690084,82.97590011563598,84.0,36.0,72.17340230306452,82.34682750416071,93.34880824091971,103.0,61.5223536610881,111.19802156513397,2,2,200,20964
50.0,54.08326913195984,61.0,61.35144660071187,82.0,85.0,37.0,72.11102550927978,81.93900170248598,92.63368717696602,103.0,60.530983801686226,110.21796586763884,2,2,200,21000
50.0,53.75872022286245,60.40695324215582,61.0,81.02468759581859,86.0,38.0,72.06247289678588,81.54140052758476,91.92388155425118,103.0,59.53990258641679,109.23827168167757,2,2,200,21036
50.0,53.45091205957107,59.464274989274024,61.0,80.049984384758,86.0,39.0,72.02777242147643,81.15417426109393,91.21951545584969,103.0,58.54912467321779,108.25894882179486,2,2,200,21071
50.0,53.16013544000805,58.52349955359813,61.0,79.07591289387686,86.0,40.0,72.00694410957877,80.77747210701756,90.52071586106685,103.0,57.55866572463264,107.28000745712129,2,2,200,21107
50.0,52.88667128870941,57.584720195551874,61.0,78.10249675906654,86.0,41.0,72.0,80.4114419718985,89.8276126811795,102.17631819555841,56.568542494923804,106.30145812734649,2,2,200,21143
50.0,52.630789467763066,56.64803615307419,61.0,77.12976079309465,86.0,42.0,72.0,80.05623023850174,89.1403387922662,101.17806086301516,55.57877292636101,105.32331175955302,2,2,200,21179
50.0,52.392747589718944,55.71355310873648,61.0,76.15773105863909,86.0,43.0,72.0,79.71198153351854,88.45903006477066,100.17983829094555,54.589376255824725,104.34557968596465,2,2,200,21214
50.0,52.172789842982326,54.78138369920935,61.0,75.18643494673756,86.0,44.0,72.0,79.37883848986453,87.78382538941898,99.18165152889924,53.600373133029585,103.36827366266692,2,2,200,21250
50.0,51.97114584074513,53.85164807134504,61.0,74.21590126111789,86.0,45.0,72.0,79.05694150420949,87.11486669908874,98.18350166906862,52.61178575186362,102.39140588936164,2,2,200,21286
50.0,51.78802950489621,52.92447448959697,61.0,73.24616030891995,86.0,46.0,72.0,78.74642849044012,86.45229898620394,97.18538984847466,51.62363799656123,101.41498903022176,2,2,200,21321
50.0,51.62363799656123,52.0,61.0,72.27724399837061,86.0,47.0,72.0,78.44743462982075,85.7962703152066,96.18731725128839,50.635955604688654,100.43903623591775,2,2,200,21357
50.0,51.07837115648854,51.478150704935004,61.0,71.30918594402827,86.0,48.0,72.0,78.16009211867653,85.14693182963201,95.1892851112981,49.64876634922564,99.46356116689167,2,2,200,21393
50.0,50.15974481593781,51.35172830587107,61.0,70.3420215802759,86.0,49.0,72.0,77.88452991448301,84.50443775329198,94.19129471453293,48.662100242385755,98.48857801796105,2,2,200,21429
50.0,49.24428900898052,51.24451190127583,61.0,69.3757882838098,86.0,50.0,72.0,77.62087348130012,83.86894538504703,93.1933474020544,47.67598976424087,97.51410154434076,2,2,200,21464
50.0,48.33218389437829,51.15662224971465,61.0,68.41052550594829,86.0,51.0,72.0,77.3692445355388,83.24061508662703,92.19544457292888,46.69047011971501,96.54014708917737,2,2,200,21500
50.0,47.4236228055175,51.088159097779204,61.0,67.446274915669,86.0,52.0,72.0,77.12976079309465,82.61961026293939,91.19758768739445,45.70557952810576,95.56673061269805,2,2,200,21536
50.0,46.51881339845203,51.03920062069938,61.0,66.48308055437865,86.0,53.0,72.0,76.90253571892151,82.00609733428362,90.19977827023745,44.721359549995796,94.59386872308374,2,2,200,21571
50.0,45.617978911828175,51.0098029794274,61.0,65.52098900352466,86.0,54.0,72.0,76.68767828015137,81.40024569987489,89.20201791439474,43.73785545725808,93.62157870918435,2,2,200,21607
50.0,44.721359549995796,51.0,61.0,64.5600495662759,86.0,55.0,72.0,76.48529270389177,80.80222769206304,88.20430828479978,42.7551166528639,92.64987857520376,2,2,200,21643
50.0,43.829214001622255,51.0,61.0,63.60031446463138,86.0,56.0,72.0,76.2954782408499,80.2122185206219,87.20665112249179,41.773197148410844,91.67878707749138,2,2,200,21679
50.0,42.941821107167776,51.0,61.0,62.6418390534633,86.0,57.0,72.0,76.11832893594026,79.63039620647382,86.20904824900923,40.792156108742276,90.70832376358854,2,2,200,21714
50.0,42.05948168962618,51.0,61.0,61.68468205316454,86.0,58.0,72.0,75.95393340703298,79.05694150420949,85.21150157109074,39.81205847478876,89.73850901368932,2,2,200,21750
50.0,41.182520563948,51.0,60.728905802755904,61.0,86.0,59.0,72.0,75.8023746329889,78.49203781276162,84.2140130857092,38.8329756778952,88.76936408468859,2,2,200,21786
50.0,40.311288741492746,51.0,59.77457653551382,61.0,86.0,60.0,72.0,75.66372975210778,77.93587107359485,83.21658488546619,37.8549864614954,87.80091115700337,2,2,200,21821
50.0,39.44616584663204,51.0,58.82176467941097,61.0,86.0,61.0,72.0,75.53806987208503,77.38862965578342,82.21921916437786,36.87817782917155,86.83317338436964,2,2,200,21857
50.0,38.58756276314948,51.0,57.87054518492115,61.0,86.0,62.0,72.0,75.4254598925323,76.8505042273634,81.2219182240853,35.90264614203248,85.86617494683223,2,2,200,21893
50.0,37.73592452822641,51.0,56.92099788303083,61.0,86.0,63.0,72.0,75.32595834106593,76.32168761236873,80.22468448052632,34.92849839314596,84.8999411071645,2,2,200,21929
50.0,36.89173349139343,51.0,55.97320787662612,61.0,86.0,64.0,72.0,75.23961722390672,75.8023746329889,79.22752047110903,33.95585369269929,83.93449827097318,2,2,200,21964
50.0,36.05551275463989,51.0,55.02726596879042,61.0,86.0,65.0,72.0,75.16648189186454,75.29276193632427,78.23042886243178,32.984845004941285,82.96987405076617,2,2,200,22000
50.0,35.22782990761707,51.0,54.08326913195984,61.0,86.0,66.0,72.0,74.79304780526061,75.1065909225016,77.23341245859851,32.01562118716424,82.00609733428362,2,2,200,22037
50.0,34.40930106817051,51.0,53.14132102234569,61.0,86.0,67.0,72.0,74.30343195303969,75.05997601918082,76.23647421018367,31.04834939252005,81.04319835741924,2,2,200,22074
50.0,33.60059523282288,51.0,52.20153254455275,61.0,86.0,68.0,72.0,73.824115301167,75.02666192761077,75.23961722390672,30.083217912982647,80.0812087820857,2,2,200,22111
50.0,32.802438933713454,51.0,51.264022471905186,61.0,86.0,69.0,72.0,73.35529974037323,74.24284477308234,75.0066663703967,29.120439557122072,79.12016177940993,2,2,200,22148
50.0,32.01562118716424,50.32891812864648,51.0,61.0,86.0,70.0,72.0,72.89718787443039,73.24616030891995,75.0,28.160255680657446,78.16009211867653,2,2,200,22185
50.0,31.240998703626616,49.39635614091387,51.0,61.0,86.00581375697809,71.0,72.0,72.24956747275377,72.44998274671983,75.0,27.202941017470888,77.20103626247513,2,2,200,22222
50.0,30.479501308256342,48.46648326421054,51.0,61.0,86.02325267042627,71.25307010929424,72.0,72.0,72.01388754955533,75.0,26.248809496813376,76.24303246854758,2,2,200,22259
50.0,29.732137494637012,47.53945729601885,51.0,61.0,86.05230967266364,70.25667228100119,71.58910531638176,72.0,73.0,75.0,25.298221281347036,75.28612089887484,2,2,200,22296
50.0,29.0,46.61544808322666,51.0,61.0,86.09297300012354,69.26037828369117,71.17583859709698,72.0,74.0,75.0,24.351591323771842,74.33034373659252,2,2,200,22333
50.0,28.284271247461902,45.69463863518345,51.0,61.0,86.14522621712709,68.26419266350405,70.77428911688199,72.0,75.0,75.0,23.40939982143925,73.37574531137656,2,2,200,22370
50.0,27.586228448267445,44.77722635447622,51.0,61.0,86.20904824900923,67.26812023536856,70.3846574190711,72.0,75.0,76.0,22.47220505424423,72.42237223399962,2,2,200,22407
50.0,26.90724809414742,43.86342439892262,51.0,61.0,86.28441342444185,66.27216610312357,70.00714249274856,72.0,75.0,77.0,21.540659228538015,71.47027354082255,2,2,200,22444
50.0,26.248809496813376,42.95346318982906,51.0,61.0,86.37129152675674,65.27633568147036,69.6419413859206,72.0,75.0,78.0,20.615528128088304,70.51950084905593,2,2,200,22481
50.0,25.612496949731394,42.04759208325728,51.0,61.0,86.46964785403026,64.28063471995279,69.28924880528002,72.0,75.0,79.0,19.697715603592208,69.57010852370435,2,2,200,22519
50.0,25.0,41.14608122288197,51.0,61.0,86.57944328765345,63.28506932918696,68.9492567037528,72.0,75.0,80.0,18.788294228055936,68.62215385719105,2,2,200,22556
50.0,24.413111231467404,40.24922359499622,51.0,61.0,86.70063436907483,62.289646009589745,68.62215385719105,72.0,75.0,81.0,17.88854381999832,67.67569726275453,2,2,200,22593
50.0,23.853720883753127,39.35733730830886,51.0,61.0,86.83317338436964,61.29437168288782,68.30812543175226,72.0,75.0,82.0,17.0,66.73080248281148,2,2,200,22630
50.0,23.323807579381203,38.47076812334269,51.0,61.0,86.97700845625813,60.29925372672534,68.00735254367721,72.0,75.0,82.09750300709517,16.1245154965971,65.7875368135941,2,2,200,22667
50.0,22.825424421026653,37.589892258425,51.0,61.0,87.13208364316786,59.30430001273095,67.72001181334805,72.0,75.0,81.09870529176159,15.264337522473747,64.8459713474939,2,2,200,22704
50.0,22.360679774997898,36.71511950137164,51.0,61.0,87.29833904490967,58.309518948453004,67.446274915669,72.0,75.0,80.09993757800315,14.422205101855956,63.90618123468183,2,2,200,22741
50.0,21.93171219946131,35.84689665786984,51.0,61.0,87.47571091451616,57.3149195236284,67.1863081289633,72.0,75.0,79.1012010022604,13.601470508735444,62.96824596572466,2,2,200,22778
50.0,21.540659228538015,34.9857113690718,51.0,61.0,87.66413177577246,56.32051136131489,66.94027188471824,72.0,75.0,78.10249675906654,12.806248474865697,62.03224967708329,2,2,200,22815
50.0,21.18962010041709,34.132096331752024,51.0,61.0,87.86353054595519,55.326304774492215,66.70832032063167,72.0,75.0,77.10382610480494,12.041594578792296,61.09828148156051,2,2,200,22852
50.0,20.8806130178211,33.28663395418648,51.0,61.0,88.07383266328314,54.3323108288245,66.49060083951716,72.0,75.0,76.10519036176179,11.313708498984761,60.166435825965294,2,2,200,22889
50.0,20.615528128088304,32.449961479175904,51.0,61.0,88.29496021857646,53.33854141237835,66.2872536767062,72.0,75.0,75.1065909225016,10.63014581273465,59.23681287847955,2,2,200,22926
50.0,20.396078054371138,31.622776601683793,51.0,61.0,88.52683209061533,52.3450093132096,66.09841147864296,72.0,74.10802925459562,75.0,10.0,58.309518948453004,2,2,200,22963
50.0,20.223748416156685,30.805843601498726,51.0,61.0,88.76936408468859,51.35172830587107,65.92419889539804,72.0,73.10950690573696,75.0,9.433981132056603,57.38466694161429,2,2,200,23000
50.0,20.09975124224178,30.0,51.0,61.0,89.02246907382428,50.35871324805669,65.76473218982953,72.0,72.11102550927978,75.0,8.94427190999916,56.462376853972415,2,2,200,23036
50.0,20.024984394500787,29.206163733020468,51.0,61.0,89.28605714219886,49.36598018878993,65.62011886609167,71.11258679024411,72.0,75.0,8.54400374531753,55.54277630799526,2,2,200,23071
50.0,20.0,28.42534080710379,51.0,61.0,89.56003573022959,48.373546489791295,65.49045732013177,70.11419257183242,72.0,75.0,8.246211251235321,54.62600113499065,2,2,200,23107
50.0,20.0,27.65863337187866,51.0,61.0,89.8443097808648,47.38143096192854,65.37583651472461,69.1158447825099,72.0,75.0,8.06225774829855,53.71219600798314,2,2,200,23143
50.0,20.0,26.90724809414742,51.0,61.0,90.13878188659973,46.389654018972806,65.27633568147036,68.11754546370561,72.0,75.0,8.0,52.80151512977634,2,2,200,23179
50.0,20.0,26.1725046566048,51.0,61.0,90.44335243676011,45.39823785126467,65.19202405202648,67.11929677819934,72.0,75.0,8.06225774829855,51.894122981316485,2,2,200,23214
50.0,20.0,25.45584412271571,51.0,61.0,90.75791976461338,44.40720662234904,65.12296062065974,66.12110101926616,72.0,75.0,8.246211251235321,50.99019513592785,2,2,200,23250
50.0,20.0,24.758836806279895,51.0,61.0,91.0823802938856,43.41658669218482,65.06919393998976,65.12296062065974,72.0,75.0,8.54400374531753,50.08991914547278,2,2,200,23286
50.0,20.0,24.08318915758459,51.0,61.0,91.4166286842826,42.42640687119285,64.1248781675256,65.03076195155643,72.0,75.0,8.94427190999916,49.193495504995376,2,2,200,23321
50.0,20.0,23.430749027719962,51.0,61.0,91.76055797563569,41.43669871020132,63.12685640834652,65.00769185258002,72.0,75.0,9.433981132056603,48.30113870293329,2,2,200,23357
50.0,20.0,22.80350850198276,51.0,61.0,92.11405973031478,40.44749683231337,62.12889826803627,65.0,72.0,75.0,10.0,47.41307836451879,2,2,200,23393
50.0,20.0,22.20360331117452,51.0,61.0,92.47702417357513,39.45883931389772,61.1310068623117,65.0,72.0,75.0,10.63014581273465,46.52956049652737,2,2,200,23429
50.0,20.0,21.633307652783937,51.0,61.0,92.84934033152847,38.47076812334269,60.13318551349163,65.0,72.0,75.0,11.313708498984761,45.65084884205331,2,2,200,23464
50.0,20.0,21.095023109728988,51.0,61.0,93.23089616645332,37.48332962798263,59.135437767890075,65.0,72.0,75.0,12.041594578792296,44.77722635447622,2,2,200,23500
50.0,20.0,20.591260281974,51.0,61.0,93.62157870918435,36.49657518178932,58.137767414994535,65.0,72.0,75.0,12.806248474865697,43.9089968002003,2,2,200,23536
50.0,20.0,20.12461179749811,51.0,61.0,94.02127418834527,35.510561809129406,57.14017850864661,65.0,72.0,75.0,13.601470508735444,43.04648650006177,2,2,200,23571
50.0,19.697715603592208,20.0,51.0,61.0,94.42986815621421,34.52535300326414,56.142675390472796,65.0,72.0,75.0,14.422205101855956,42.190046219457976,2,2,200,23607
50.0,19.313207915827967,20.0,51.0,61.0,94.847245611035,33.54101966249684,55.14526271584895,65.0,72.0,75.0,15.264337522473747,41.340053217188775,2,2,200,23643
50.0,18.973665961010276,20.0,51.0,61.00819617067857,95.2732911156112,32.55764119219941,54.147945482723536,65.0,72.0,75.0,16.1245154965971,40.496913462633174,2,2,200,23679
50.0,18.681541692269406,20.0,51.0,61.032778078668514,95.70788891204319,31.575306807693888,53.150729063673246,65.0,72.0,75.0,17.0,39.66106403010388,2,2,200,23714
50.0,18.439088914585774,20.0,51.0,61.07372593840988,96.15092303249095,30.59411708155671,52.15361924162119,65.0,72.0,75.0,17.88854381999832,38.8329756778952,2,2,200,23750
50.0,18.24828759089466,20.0,51.0,61.1310068623117,96.60227740586657,29.614185789921695,51.15662224971465,65.0,72.0,75.0,18.788294228055936,38.01315561749642,2,2,200,23786
50.0,18.110770276274835,20.0,51.0,61.204574992397426,97.06183596038146,28.635642126552707,50.15974481593781,65.0,72.0,75.0,19.697715603592208,37.20215047547655,2,2,200,23821
50.0,18.027756377319946,20.0,51.0,61.29437168288782,97.52948272189288,27.65863337187866,49.16299421312742,65.0,72.0,75.0,20.615528128088304,36.40054944640259,2,2,200,23857
50.0,18.0,20.0,51.0,61.40032573203501,98.00510190801293,26.68332812825267,48.16637831516918,65.0,72.0,75.0,21.540659228538015,35.608987629529715,2,2,200,23893
50.0,18.0,20.0,51.0,61.5223536610881,98.48857801796105,25.709920264364882,47.16990566028302,65.0,72.0,75.0,22.47220505424423,34.828149534535996,2,2,200,23929
50.0,18.0,20.0,51.0,61.66036003787198,98.97979591815695,24.73863375370596,46.17358552246078,65.0,72.00694410957877,75.0,23.40939982143925,34.058772731852805,2,2,200,23964
50.0,18.0,20.0,51.0,61.814237842102365,99.4786409235671,23.769728648009426,45.17742799230607,65.0,72.02777242147643,75.0,24.351591323771842,33.301651610693426,2,2,200,24000
50.0,18.0,20.0,51.0,61.98386886924694,99.98499887483122,22.80350850198276,44.181444068749045,65.0,72.06247289678588,75.0,25.298221281347036,32.55764119219941,2,2,200,24091
50.0,18.0,20.0,51.0,62.16912416947821,100.4987562112089,21.840329667841555,43.18564576337837,65.0,72.11102550927978,75.0,26.248809496813376,31.827660925679098,2,2,200,24182
50.0,18.0,20.0,51.0,62.369864518050704,101.01980003939822,20.8806130178211,42.190046219457976,65.0,72.17340230306452,75.0,27.202941017470888,31.11269837220809,2,2,200,24272
50.0,18.0,20.0,51.0,62.5859409132754,101.54801819828883,19.924858845171276,41.19465984809196,65.0,72.24956747275377,75.0,28.160255680657446,30.4138126514911,2,2,200,24363
50.0,18.0,20.0,51.0,62.81719509815764,102.08329931972223,18.973665961010276,40.19950248448356,65.0,72.3394774656273,75.0,29.120439557122072,29.732137494637012,2,2,200,24454
50.0,18.0,20.0,51.0,63.06346010171025,102.62553288534,18.027756377319946,39.20459156782532,65.0,72.44308110509934,75.0,30.083217912982647,29.068883707497267,2,2,200,24545
50.0,18.0,20.0,51.0,63.324560795950255,103.1746092796091,17.08800749063506,38.2099463490856,65.0,72.56031973468694,75.0,31.04834939252005,28.42534080710379,2,2,200,24636
50.0,18.0,20.0,51.0,63.60031446463138,103.73041983911952,16.15549442140351,37.21558813185679,65.0,72.69112738154499,75.0,32.01562118716424,27.80287754891569,2,2,200,24727
50.0,18.0,20.024984394500787,51.0,63.89053137985315,104.29285689825551,15.231546211727817,36.22154055254967,65.0,72.83543093852057,75.0,32.984845004941285,27.202941017470888,2,2,200,24817
50.0,18.0,20.09975124224178,51.0,64.19501538281614,104.86181383134664,14.317821063276353,35.22782990761707,65.0,72.99315036357864,75.0,33.95585369269929,26.627053911388696,2,2,200,24908
50.0,18.0,20.223748416156685,51.0,64.51356446515724,105.43718509140881,13.416407864998739,34.23448553724738,65.0,73.16419889536138,75.0,34.92849839314596,26.076809620810597,2,2,200,24999
49.040799340956916,18.0,20.223748416156685,51.0,64.51356446515724,105.43718509140881,12.529964086141668,33.24154027718932,65.0,73.348483283569,75.0,34.92849839314596,25.553864678361276,4,2,10200,31999
