P1_X,P1_Y,P1_Direction,P1_Crashed,P1_ReachedGoal,P1_Score,P2_X,P2_Y,P2_Direction,P2_Crashed,P2_ReachedGoal,P2_Score,Elapsed_time_miliseconds,Total_Score
101,275,4,0,0,100,101,273,3,0,0,100,348,200
101,275,4,0,0,100,103,273,1,0,0,100,957,200
101,275,4,0,0,100,103,275,2,0,0,100,1179,200
103,275,1,0,0,100,103,275,4,0,0,100,2034,200
105,275,1,0,0,100,103,275,4,0,0,100,2069,200
107,275,1,0,0,100,103,275,4,0,0,100,2103,200
109,275,1,0,0,100,103,275,4,0,0,100,2138,200
111,275,1,0,0,100,103,275,4,0,0,100,2172,200
113,275,1,0,0,100,103,275,4,0,0,100,2207,200
115,275,1,0,0,100,103,275,4,0,0,100,2241,200
117,275,1,0,0,100,103,275,4,0,0,100,2276,200
119,275,1,0,0,100,103,275,4,0,0,100,2310,200
121,275,1,0,0,100,103,275,4,0,0,100,2345,200
123,275,1,0,0,100,103,275,4,0,0,100,2379,200
125,275,1,0,0,100,103,277,2,0,0,100,2414,200
127,275,1,0,0,100,103,277,4,0,0,100,2448,200
129,275,1,0,0,100,103,277,4,0,0,100,2483,200
129,273,2,0,0,100,103,277,4,0,0,100,2517,200
129,271,2,0,0,100,103,277,4,0,0,100,2552,200
129,269,2,0,0,100,103,277,4,0,0,100,2586,200
129,267,2,0,0,100,101,277,0,0,0,100,2621,200
129,265,2,0,0,100,101,275,3,0,0,100,2655,200
129,263,2,0,0,100,101,275,4,0,0,100,2690,200
129,261,2,0,0,100,101,275,4,0,0,100,2724,200
129,259,2,0,0,100,101,275,4,0,0,100,2759,200
129,257,2,0,0,100,101,275,4,0,0,100,2793,200
129,255,2,0,0,100,101,275,4,0,0,100,2828,200
129,253,2,0,0,100,101,275,4,0,0,100,2862,200
129,251,2,0,0,100,101,275,4,0,0,100,2897,200
129,249,2,0,0,100,101,275,4,0,0,100,2931,200
129,247,2,0,0,100,101,275,4,0,0,100,2966,200
129,245,2,0,0,100,101,275,4,0,0,100,3000,200
129,243,2,0,0,100,101,275,4,0,0,100,3036,200
129,241,2,0,0,100,101,275,4,0,0,100,3071,200
129,239,2,0,0,100,101,275,4,0,0,100,3107,200
129,237,2,0,0,100,101,275,4,0,0,100,3143,200
129,235,2,0,0,100,101,275,4,0,0,100,3179,200
129,233,2,0,0,100,103,275,1,0,0,100,3214,200
129,233,2,1,0,100,103,275,4,0,0,100,3250,200
129,233,2,1,0,50,103,275,4,0,0,100,3286,150
129,233,2,1,0,0,103,275,4,0,0,100,3321,100
129,233,2,1,0,-50,103,275,4,0,0,100,3357,50
129,233,2,1,0,-100,103,275,4,0,0,100,3393,0
129,233,2,1,0,-150,103,275,4,0,0,100,3429,-50
129,235,2,0,0,-200,103,277,2,0,0,100,3464,-100
129,233,2,0,0,-200,103,277,4,0,0,100,3500,-100
129,233,2,1,0,-200,103,275,3,0,0,100,3536,-100
129,233,2,1,0,-250,103,273,3,0,0,100,3571,-150
129,233,2,1,0,-300,103,271,3,0,0,100,3607,-200
129,233,2,1,0,-350,103,269,3,0,0,100,3643,-250
129,233,2,1,0,-400,103,269,4,0,0,100,3679,-300
129,233,2,1,0,-450,103,269,4,0,0,100,3714,-350
131,233,1,0,0,-500,103,269,4,0,0,100,4103,-400
133,233,1,0,0,-500,103,269,4,0,0,100,4138,-400
135,233,1,0,0,-500,103,269,4,0,0,100,4172,-400
137,233,1,0,0,-500,103,269,4,0,0,100,4207,-400
139,233,1,0,0,-500,103,269,4,0,0,100,4241,-400
141,233,1,0,0,-500,103,267,3,0,0,100,4276,-400
143,233,1,0,0,-500,103,265,3,0,0,100,4310,-400
143,233,4,0,0,-500,103,263,3,0,0,100,4345,-400
143,233,4,0,0,-500,105,263,1,0,0,100,4379,-400
143,233,2,1,0,-500,105,261,3,0,0,100,4414,-400
143,233,2,1,0,-550,105,261,4,0,0,100,4448,-450
143,233,2,1,0,-600,105,261,4,0,0,100,4483,-500
143,233,2,1,0,-650,105,261,4,0,0,100,4517,-550
143,233,2,1,0,-700,105,261,4,0,0,100,4552,-600
143,233,2,1,0,-750,105,261,4,0,0,100,4586,-650
143,233,2,1,0,-800,105,261,4,0,0,100,4621,-700
143,233,2,1,0,-850,105,261,4,0,0,100,4655,-750
143,233,2,1,0,-900,105,261,4,0,0,100,4690,-800
143,233,2,1,0,-950,105,261,4,0,0,100,4724,-850
143,233,2,1,0,-1000,105,261,4,0,0,100,4759,-900
143,233,2,1,0,-1050,105,261,4,0,0,100,4793,-950
143,233,2,1,0,-1100,105,261,4,0,0,100,4828,-1000
143,233,2,1,0,-1150,105,261,4,0,0,100,4862,-1050
143,233,2,1,0,-1200,105,261,4,0,0,100,4897,-1100
143,233,2,1,0,-1250,105,261,4,0,0,100,4931,-1150
143,233,2,1,0,-1300,105,261,4,0,0,100,4966,-1200
141,233,0,0,0,-1350,105,261,4,0,0,100,5069,-1250
139,233,0,0,0,-1350,105,261,4,0,0,100,5103,-1250
139,233,2,1,0,-1350,105,261,4,0,0,100,5207,-1250
139,233,2,1,0,-1400,105,261,4,0,0,100,5241,-1300
139,233,2,1,0,-1450,105,261,4,0,0,100,5276,-1350
139,233,2,1,0,-1500,105,261,4,0,0,100,5310,-1400
139,233,2,1,0,-1550,105,261,4,0,0,100,5345,-1450
139,233,2,1,0,-1600,105,261,4,0,0,100,5379,-1500
139,233,2,1,0,-1650,105,261,4,0,0,100,5414,-1550
139,233,2,1,0,-1700,105,261,4,0,0,100,5448,-1600
139,233,2,1,0,-1750,105,261,4,0,0,100,5483,-1650
139,233,2,1,0,-1800,105,261,4,0,0,100,5517,-1700
139,233,2,1,0,-1850,105,261,4,0,0,100,5552,-1750
139,233,2,1,0,-1900,105,261,4,0,0,100,5586,-1800
139,233,2,1,0,-1950,105,261,4,0,0,100,5621,-1850
139,233,2,1,0,-2000,105,261,4,0,0,100,5655,-1900
139,235,3,0,0,-2050,105,261,4,0,0,100,5793,-1950
139,237,3,0,0,-2050,105,261,4,0,0,100,5828,-1950
139,239,3,0,0,-2050,105,261,4,0,0,100,5862,-1950
139,241,3,0,0,-2050,105,261,4,0,0,100,5897,-1950
139,243,3,0,0,-2050,105,261,4,0,0,100,5931,-1950
139,245,3,0,0,-2050,105,261,4,0,0,100,5966,-1950
139,247,3,0,0,-2050,105,261,4,0,0,100,6000,-1950
139,249,3,0,0,-2050,105,261,4,0,0,100,6036,-1950
139,251,3,0,0,-2050,105,261,4,0,0,100,6071,-1950
139,253,3,0,0,-2050,105,261,4,0,0,100,6107,-1950
139,255,3,0,0,-2050,105,261,4,0,0,100,6143,-1950
139,257,3,0,0,-2050,105,261,4,0,0,100,6179,-1950
139,259,3,0,0,-2050,105,261,4,0,0,100,6214,-1950
139,261,3,0,0,-2050,105,261,4,0,0,100,6250,-1950
139,263,3,0,0,-2050,105,261,4,0,0,100,6286,-1950
139,265,3,0,0,-2050,105,261,4,0,0,100,6321,-1950
139,267,3,0,0,-2050,105,261,4,0,0,100,6357,-1950
139,269,3,0,0,-2050,107,261,1,0,0,100,6393,-1950
139,271,3,0,0,-2050,109,261,1,0,0,100,6429,-1950
139,273,3,0,0,-2050,109,261,4,0,0,100,6464,-1950
139,275,3,0,0,-2050,109,259,3,0,0,100,6500,-1950
139,277,3,0,0,-2050,109,261,2,0,0,100,6536,-1950
139,279,3,0,0,-2050,109,263,2,0,0,100,6571,-1950
139,281,3,0,0,-2050,109,263,4,0,0,100,6607,-1950
139,283,3,0,0,-2050,109,263,4,0,0,100,6643,-1950
139,285,3,0,0,-2050,109,263,4,0,0,100,6679,-1950
139,287,3,0,0,-2050,109,263,4,0,0,100,6714,-1950
139,289,3,0,0,-2050,109,263,4,0,0,100,6750,-1950
139,291,3,0,0,-2050,109,263,4,0,0,100,6786,-1950
139,293,3,0,0,-2050,109,263,4,0,0,100,6821,-1950
139,295,3,0,0,-2050,109,263,4,0,0,100,6857,-1950
141,295,1,0,0,-2050,109,263,4,0,0,100,6893,-1950
143,295,1,0,0,-2050,109,263,4,0,0,100,6929,-1950
145,295,1,0,0,-2050,109,263,4,0,0,100,6964,-1950
147,295,1,0,0,-2050,109,263,4,0,0,100,7000,-1950
149,295,1,0,0,-2050,111,263,1,0,0,100,7034,-1950
151,295,1,0,0,-2050,111,263,4,0,0,100,7069,-1950
151,293,2,0,0,-2050,113,263,1,0,0,100,7103,-1950
151,291,2,0,0,-2050,115,263,1,0,0,100,7138,-1950
151,289,2,0,0,-2050,117,263,1,0,0,100,7172,-1950
151,287,2,0,0,-2050,119,263,1,0,0,100,7207,-1950
151,285,2,0,0,-2050,119,265,2,0,0,100,7241,-1950
151,283,2,0,0,-2050,119,265,4,0,0,100,7276,-1950
151,281,2,0,0,-2050,119,265,4,0,0,100,7310,-1950
151,279,2,0,0,-2050,119,265,4,0,0,100,7345,-1950
151,277,2,0,0,-2050,119,265,4,0,0,100,7379,-1950
151,275,2,0,0,-2050,119,263,3,0,0,100,7414,-1950
151,273,2,0,0,-2050,121,263,1,0,0,100,7448,-1950
151,271,2,0,0,-2050,121,263,4,0,0,100,7483,-1950
153,271,1,0,0,-2050,121,263,4,0,0,100,7517,-1950
155,271,1,0,0,-2050,121,263,4,0,0,100,7552,-1950
157,271,1,0,0,-2050,121,263,4,0,0,100,7586,-1950
159,271,1,0,0,-2050,121,263,4,0,0,100,7621,-1950
161,271,1,0,0,-2050,121,265,2,0,0,100,7655,-1950
163,271,1,0,0,-2050,121,265,4,0,0,100,7690,-1950
163,271,1,1,0,-2050,121,265,4,0,0,100,7724,-1950
163,271,1,1,0,-2100,121,265,4,0,0,100,7759,-2000
163,271,1,1,0,-2150,121,265,4,0,0,100,7793,-2050
163,271,1,1,0,-2200,121,265,4,0,0,100,7828,-2100
163,271,1,1,0,-2250,121,265,4,0,0,100,7862,-2150
163,271,1,1,0,-2300,121,265,4,0,0,100,7897,-2200
163,271,1,1,0,-2350,121,265,4,0,0,100,7931,-2250
163,271,1,1,0,-2400,119,265,0,0,0,100,7966,-2300
163,271,1,1,0,-2450,119,265,4,0,0,100,8000,-2350
163,271,1,1,0,-2500,119,263,3,0,0,100,8036,-2400
163,271,1,1,0,-2550,119,263,4,0,0,100,8071,-2450
161,271,0,0,0,-2600,119,263,4,0,0,100,8179,-2500
159,271,0,0,0,-2600,119,263,4,0,0,100,8214,-2500
157,271,0,0,0,-2600,119,263,4,0,0,100,8250,-2500
155,271,0,0,0,-2600,119,263,4,0,0,100,8286,-2500
153,271,0,0,0,-2600,119,265,2,0,0,100,8321,-2500
151,271,0,0,0,-2600,119,265,4,0,0,100,8357,-2500
149,271,0,0,0,-2600,119,265,4,0,0,100,8393,-2500
147,271,0,0,0,-2600,117,265,0,0,0,100,8429,-2500
145,271,0,0,0,-2600,117,265,4,0,0,100,8464,-2500
143,271,0,0,0,-2600,117,267,2,0,0,100,8500,-2500
141,271,0,0,0,-2600,117,269,2,0,0,100,8536,-2500
139,271,0,0,0,-2600,117,269,4,0,0,100,8571,-2500
137,271,0,0,0,-2600,117,269,4,0,0,100,8607,-2500
135,271,0,0,0,-2600,117,269,4,0,0,100,8643,-2500
135,269,2,0,0,-2600,117,269,4,0,0,100,8679,-2500
135,267,2,0,0,-2600,117,269,4,0,0,100,8714,-2500
135,265,2,0,0,-2600,117,269,4,0,0,100,8750,-2500
135,263,2,0,0,-2600,117,269,4,0,0,100,8786,-2500
135,261,2,0,0,-2600,117,269,4,0,0,100,8821,-2500
135,259,2,0,0,-2600,117,269,4,0,0,100,8857,-2500
135,257,2,0,0,-2600,117,269,4,0,0,100,8893,-2500
135,255,2,0,0,-2600,117,269,4,0,0,100,8929,-2500
135,253,2,0,0,-2600,117,269,4,0,0,100,8964,-2500
135,251,2,0,0,-2600,117,269,4,0,0,100,9000,-2500
135,249,2,0,0,-2600,117,269,4,0,0,100,9034,-2500
135,247,2,0,0,-2600,117,267,3,0,0,100,9069,-2500
135,245,2,0,0,-2600,117,267,4,0,0,100,9103,-2500
135,243,2,0,0,-2600,117,267,4,0,0,100,9138,-2500
133,243,0,0,0,-2600,117,267,4,0,0,100,9172,-2500
131,243,0,0,0,-2600,117,267,4,0,0,100,9207,-2500
129,243,0,0,0,-2600,117,267,4,0,0,100,9241,-2500
129,241,2,0,0,-2600,117,267,4,0,0,100,9276,-2500
129,239,2,0,0,-2600,117,267,4,0,0,100,9310,-2500
129,237,2,0,0,-2600,117,267,4,0,0,100,9345,-2500
129,235,2,0,0,-2600,117,267,4,0,0,100,9379,-2500
129,233,2,0,0,-2600,117,267,4,0,0,100,9414,-2500
129,231,2,0,0,-2600,117,267,4,0,0,100,9448,-2500
129,229,2,0,0,-2600,117,269,2,0,0,100,9483,-2500
129,227,2,0,0,-2600,117,267,3,0,0,100,9517,-2500
129,225,2,0,0,-2600,117,267,4,0,0,100,9552,-2500
129,223,2,0,0,-2600,117,267,4,0,0,100,9586,-2500
131,223,1,0,0,-2600,117,267,4,0,0,100,9621,-2500
133,223,1,0,0,-2600,117,267,4,0,0,100,9655,-2500
135,223,1,0,0,-2600,115,267,0,0,0,100,9690,-2500
137,223,1,0,0,-2600,115,267,4,0,0,100,9724,-2500
139,223,1,0,0,-2600,115,267,4,0,0,100,9759,-2500
141,223,1,0,0,-2600,115,265,3,0,0,100,9793,-2500
143,223,1,0,0,-2600,117,265,1,0,0,100,9828,-2500
143,221,2,0,0,-2600,117,263,3,0,0,100,9862,-2500
143,219,2,0,0,-2600,117,261,3,0,0,100,9897,-2500
143,217,2,0,0,-2600,117,259,3,0,0,100,9931,-2500
143,215,2,0,0,-2600,117,259,4,0,0,100,9966,-2500
143,213,2,0,0,-2600,117,257,3,0,0,100,10000,-2500
143,211,2,0,0,-2600,117,255,3,0,0,100,10034,-2500
143,209,2,0,0,-2600,117,253,3,0,0,100,10069,-2500
143,207,2,0,0,-2600,117,251,3,0,0,100,10103,-2500
143,205,2,0,0,-2600,117,249,3,0,0,100,10138,-2500
143,203,2,0,0,-2600,117,247,3,0,0,100,10172,-2500
143,201,2,0,0,-2600,117,245,3,0,0,100,10207,-2500
143,199,2,0,0,-2600,117,243,3,0,0,100,10241,-2500
143,197,2,0,0,-2600,117,241,3,0,0,100,10276,-2500
143,195,2,0,0,-2600,117,239,3,0,0,100,10310,-2500
143,193,2,0,0,-2600,117,237,3,0,0,100,10345,-2500
143,195,2,0,0,-2600,117,239,2,0,0,100,10379,-2500
143,193,2,0,0,-2600,117,237,3,0,0,100,10414,-2500
145,193,1,0,0,-2600,117,235,3,0,0,100,10448,-2500
147,193,1,0,0,-2600,117,233,3,0,0,100,10483,-2500
149,193,1,0,0,-2600,117,231,3,0,0,100,10517,-2500
151,193,1,0,0,-2600,117,229,3,0,0,100,10552,-2500
149,193,1,0,0,-2600,115,229,0,0,0,100,10586,-2500
151,193,1,0,0,-2600,115,229,4,0,0,100,10621,-2500
153,193,1,0,0,-2600,115,227,3,0,0,100,10655,-2500
155,193,1,0,0,-2600,115,225,3,0,0,100,10690,-2500
155,191,1,0,0,-2600,115,223,3,0,0,100,10724,-2500
155,189,1,0,0,-2600,115,221,3,0,0,100,10759,-2500
155,187,1,0,0,-2600,115,219,3,0,0,100,10793,-2500
157,187,1,0,0,-2600,117,219,1,0,0,100,10828,-2500
159,187,1,0,0,-2600,119,219,1,0,0,100,10862,-2500
161,187,1,0,0,-2600,121,219,1,0,0,100,10897,-2500
163,187,1,0,0,-2600,123,219,1,0,0,100,10931,-2500
163,189,2,0,0,-2600,123,221,2,0,0,100,10966,-2500
163,187,2,0,0,-2600,125,221,1,0,0,100,11000,-2500
163,185,2,0,0,-2600,127,221,1,0,0,100,11036,-2500
165,185,1,0,0,-2600,129,221,1,0,0,100,11071,-2500
167,185,1,0,0,-2600,131,221,1,0,0,100,11107,-2500
169,185,1,0,0,-2600,131,219,3,0,0,100,11143,-2500
169,185,1,1,0,-2600,131,217,3,0,0,100,11179,-2500
169,185,1,1,0,-2650,131,215,3,0,0,100,11214,-2550
169,185,1,1,0,-2700,131,213,3,0,0,100,11250,-2600
169,185,1,1,0,-2750,131,213,4,0,0,100,11286,-2650
169,185,1,1,0,-2800,131,213,4,0,0,100,11321,-2700
169,185,1,1,0,-2850,131,213,4,0,0,100,11357,-2750
169,185,1,1,0,-2900,131,213,4,0,0,100,11393,-2800
169,185,1,1,0,-2950,131,213,4,0,0,100,11429,-2850
169,185,1,1,0,-3000,131,213,4,0,0,100,11464,-2900
169,185,1,1,0,-3050,131,213,4,0,0,100,11500,-2950
169,185,1,1,0,-3100,131,213,4,0,0,100,11536,-3000
169,185,1,1,0,-3150,131,213,4,0,0,100,11571,-3050
169,185,1,1,0,-3200,131,213,4,0,0,100,11607,-3100
169,185,1,1,0,-3250,131,213,4,0,0,100,11643,-3150
169,185,1,1,0,-3300,131,213,4,0,0,100,11679,-3200
169,185,1,1,0,-3350,131,213,4,0,0,100,11714,-3250
169,185,1,1,0,-3400,131,211,3,0,0,100,11750,-3300
169,185,1,1,0,-3450,131,211,4,0,0,100,11786,-3350
169,185,1,1,0,-3500,131,211,4,0,0,100,11821,-3400
169,185,1,1,0,-3550,131,211,4,0,0,100,11857,-3450
169,185,1,1,0,-3600,131,211,4,0,0,100,11893,-3500
169,183,2,0,0,-3650,131,211,4,0,0,100,11929,-3550
169,181,2,0,0,-3650,131,211,4,0,0,100,11964,-3550
169,179,2,0,0,-3650,131,211,4,0,0,100,12000,-3550
169,181,2,0,0,-3650,131,213,2,0,0,100,12034,-3550
169,179,2,0,0,-3650,131,213,4,0,0,100,12069,-3550
169,177,2,0,0,-3650,133,213,1,0,0,100,12103,-3550
169,177,2,1,0,-3650,135,213,1,0,0,100,12138,-3550
169,177,2,1,0,-3700,137,213,1,0,0,100,12172,-3600
169,177,4,0,0,-3750,139,213,1,0,0,100,12241,-3650
169,179,3,0,0,-3750,139,213,4,0,0,100,12448,-3650
169,181,3,0,0,-3750,139,213,4,0,0,100,12483,-3650
169,183,3,0,0,-3750,139,213,4,0,0,100,12517,-3650
169,185,3,0,0,-3750,137,213,0,0,0,100,12552,-3650
169,187,3,0,0,-3750,137,211,3,0,0,100,12586,-3650
169,187,1,1,0,-3750,137,211,4,0,0,100,12690,-3650
169,187,1,1,0,-3800,137,211,4,0,0,100,12724,-3700
169,187,1,1,0,-3850,137,211,4,0,0,100,12759,-3750
169,187,1,1,0,-3900,137,209,3,0,0,100,12793,-3800
169,187,1,1,0,-3950,137,209,4,0,0,100,12828,-3850
169,187,1,1,0,-4000,137,209,4,0,0,100,12862,-3900
169,187,1,1,0,-4050,137,209,4,0,0,100,12897,-3950
169,187,1,1,0,-4100,137,209,4,0,0,100,12931,-4000
169,187,1,1,0,-4150,137,207,3,0,0,100,12966,-4050
169,187,1,1,0,-4200,137,205,3,0,0,100,13000,-4100
169,185,2,0,0,-4250,137,205,4,0,0,100,13034,-4150
169,183,2,0,0,-4250,135,205,0,0,0,100,13069,-4150
169,183,1,1,0,-4250,135,205,4,0,0,100,13172,-4150
169,183,1,1,0,-4300,135,205,4,0,0,100,13207,-4200
169,183,1,1,0,-4350,135,205,4,0,0,100,13241,-4250
169,183,1,1,0,-4400,135,205,4,0,0,100,13276,-4300
169,183,1,1,0,-4450,135,205,4,0,0,100,13310,-4350
169,183,1,1,0,-4500,135,205,4,0,0,100,13345,-4400
169,183,1,1,0,-4550,135,205,4,0,0,100,13379,-4450
169,183,1,1,0,-4600,135,205,4,0,0,100,13414,-4500
169,183,1,1,0,-4650,135,205,4,0,0,100,13448,-4550
169,183,1,1,0,-4700,135,205,4,0,0,100,13483,-4600
169,183,1,1,0,-4750,133,205,0,0,0,100,13517,-4650
169,183,1,1,0,-4800,133,205,4,0,0,100,13552,-4700
169,185,3,0,0,-4850,133,205,4,0,0,100,13586,-4750
169,187,3,0,0,-4850,131,205,0,0,0,100,13621,-4750
169,189,3,0,0,-4850,133,205,1,0,0,100,13655,-4750
169,189,1,1,0,-4850,133,205,4,0,0,100,13690,-4750
169,189,1,1,0,-4900,133,205,4,0,0,100,13724,-4800
169,189,1,1,0,-4950,133,205,4,0,0,100,13759,-4850
169,189,1,1,0,-5000,133,205,4,0,0,100,13793,-4900
169,189,1,1,0,-5050,133,205,4,0,0,100,13828,-4950
169,189,1,1,0,-5100,133,205,4,0,0,100,13862,-5000
169,189,1,1,0,-5150,133,205,4,0,0,100,13897,-5050
169,189,1,1,0,-5200,133,205,4,0,0,100,13931,-5100
169,189,1,1,0,-5250,133,205,4,0,0,100,13966,-5150
169,189,1,1,0,-5300,133,205,4,0,0,100,14000,-5200
169,189,1,1,0,-5350,133,205,4,0,0,100,14034,-5250
169,189,1,1,0,-5400,133,205,4,0,0,100,14069,-5300
169,189,1,1,0,-5450,133,205,4,0,0,100,14103,-5350
169,189,1,1,0,-5500,133,205,4,0,0,100,14138,-5400
169,189,1,1,0,-5550,133,205,4,0,0,100,14172,-5450
169,189,1,1,0,-5600,133,205,4,0,0,100,14207,-5500
169,189,1,1,0,-5650,133,205,4,0,0,100,14241,-5550
169,189,1,1,0,-5700,133,205,4,0,0,100,14276,-5600
169,189,1,1,0,-5750,133,205,4,0,0,100,14310,-5650
167,189,0,0,0,-5800,133,205,4,0,0,100,14345,-5700
165,189,0,0,0,-5800,133,205,4,0,0,100,14379,-5700
163,189,0,0,0,-5800,133,205,4,0,0,100,14414,-5700
161,189,0,0,0,-5800,133,205,4,0,0,100,14448,-5700
159,189,0,0,0,-5800,133,205,4,0,0,100,14483,-5700
157,189,0,0,0,-5800,133,205,4,0,0,100,14517,-5700
155,189,0,0,0,-5800,133,205,4,0,0,100,14552,-5700
153,189,0,0,0,-5800,133,205,4,0,0,100,14586,-5700
151,189,0,0,0,-5800,133,205,4,0,0,100,14621,-5700
149,189,0,0,0,-5800,133,205,4,0,0,100,14655,-5700
147,189,0,0,0,-5800,133,205,4,0,0,100,14690,-5700
145,189,0,0,0,-5800,133,205,4,0,0,100,14724,-5700
143,189,0,0,0,-5800,133,205,4,0,0,100,14759,-5700
141,189,0,0,0,-5800,133,205,4,0,0,100,14793,-5700
139,189,0,0,0,-5800,131,205,0,0,0,100,14828,-5700
137,189,0,0,0,-5800,131,205,4,0,0,100,14862,-5700
135,189,0,0,0,-5800,131,205,4,0,0,100,14897,-5700
133,189,0,0,0,-5800,131,205,4,0,0,100,14931,-5700
131,189,0,0,0,-5800,131,205,4,0,0,100,14966,-5700
129,189,0,0,0,-5800,133,205,1,0,0,100,15000,-5700
127,189,0,0,0,-5800,133,205,4,0,0,100,15036,-5700
125,189,0,0,0,-5800,133,205,4,0,0,100,15071,-5700
125,187,2,0,0,-5800,133,205,4,0,0,100,15250,-5700
125,185,2,0,0,-5800,133,205,4,0,0,100,15286,-5700
125,183,2,0,0,-5800,133,203,3,0,0,100,15321,-5700
125,181,2,0,0,-5800,133,203,4,0,0,100,15357,-5700
125,179,2,0,0,-5800,133,203,4,0,0,100,15393,-5700
125,177,2,0,0,-5800,133,203,4,0,0,100,15429,-5700
125,177,2,1,0,-5800,133,205,2,0,0,100,15464,-5700
125,177,2,1,0,-5850,133,205,4,0,0,100,15500,-5750
125,177,2,1,0,-5900,133,205,4,0,0,100,15536,-5800
123,177,0,0,0,-5950,133,207,2,0,0,100,15571,-5850
121,177,0,0,0,-5950,133,207,4,0,0,100,15607,-5850
119,177,0,0,0,-5950,133,207,4,0,0,100,15643,-5850
117,177,0,0,0,-5950,133,209,2,0,0,100,15679,-5850
117,175,2,0,0,-5950,133,209,4,0,0,100,15714,-5850
117,173,2,0,0,-5950,133,209,4,0,0,100,15750,-5850
117,171,2,0,0,-5950,133,209,4,0,0,100,15786,-5850
117,171,2,1,0,-5950,133,209,4,0,0,100,15821,-5850
117,171,2,1,0,-6000,133,209,4,0,0,100,15857,-5900
117,171,2,1,0,-6050,133,209,4,0,0,100,15893,-5950
117,171,2,1,0,-6100,133,209,4,0,0,100,15929,-6000
117,171,2,1,0,-6150,133,209,4,0,0,100,15964,-6050
117,171,2,1,0,-6200,133,207,3,0,0,100,16000,-6100
117,171,2,1,0,-6250,133,207,4,0,0,100,16034,-6150
117,171,2,1,0,-6300,133,207,4,0,0,100,16069,-6200
117,171,2,1,0,-6350,133,207,4,0,0,100,16103,-6250
117,171,2,1,0,-6400,133,207,4,0,0,100,16138,-6300
117,171,2,1,0,-6450,133,207,4,0,0,100,16172,-6350
117,171,2,1,0,-6500,133,207,4,0,0,100,16207,-6400
117,173,3,0,0,-6550,133,207,4,0,0,100,16379,-6450
117,175,3,0,0,-6550,133,207,4,0,0,100,16414,-6450
117,177,3,0,0,-6550,133,207,4,0,0,100,16448,-6450
117,179,3,0,0,-6550,133,207,4,0,0,100,16483,-6450
117,181,3,0,0,-6550,133,207,4,0,0,100,16517,-6450
117,183,3,0,0,-6550,133,207,4,0,0,100,16552,-6450
117,185,3,0,0,-6550,135,207,1,0,0,100,16586,-6450
117,187,3,0,0,-6550,135,207,4,0,0,100,16621,-6450
117,189,3,0,0,-6550,135,207,4,0,0,100,16655,-6450
117,191,3,0,0,-6550,135,207,4,0,0,100,16690,-6450
117,193,3,0,0,-6550,135,207,4,0,0,100,16724,-6450
117,195,3,0,0,-6550,135,207,4,0,0,100,16759,-6450
117,197,3,0,0,-6550,135,205,3,0,0,100,16793,-6450
117,199,3,0,0,-6550,135,205,4,0,0,100,16828,-6450
117,201,3,0,0,-6550,135,205,4,0,0,100,16862,-6450
117,203,3,0,0,-6550,135,205,4,0,0,100,16897,-6450
117,205,3,0,0,-6550,135,205,4,0,0,100,16931,-6450
117,207,3,0,0,-6550,135,205,4,0,0,100,16966,-6450
117,209,3,0,0,-6550,135,205,4,0,0,100,17000,-6450
117,211,3,0,0,-6550,135,205,4,0,0,100,17036,-6450
117,213,3,0,0,-6550,135,205,4,0,0,100,17071,-6450
117,215,3,0,0,-6550,135,205,4,0,0,100,17107,-6450
117,217,3,0,0,-6550,135,205,4,0,0,100,17143,-6450
117,219,3,0,0,-6550,135,205,4,0,0,100,17179,-6450
117,221,3,0,0,-6550,135,205,4,0,0,100,17214,-6450
117,223,3,0,0,-6550,135,205,4,0,0,100,17250,-6450
117,225,3,0,0,-6550,135,205,4,0,0,100,17286,-6450
117,227,3,0,0,-6550,135,205,4,0,0,100,17321,-6450
117,229,3,0,0,-6550,135,205,4,0,0,100,17357,-6450
117,231,3,0,0,-6550,135,205,4,0,0,100,17393,-6450
117,233,3,0,0,-6550,135,205,4,0,0,100,17429,-6450
117,235,3,0,0,-6550,135,205,4,0,0,100,17464,-6450
117,237,3,0,0,-6550,135,205,4,0,0,100,17500,-6450
117,239,3,0,0,-6550,135,205,4,0,0,100,17536,-6450
117,241,3,0,0,-6550,135,205,4,0,0,100,17571,-6450
117,243,3,0,0,-6550,135,205,4,0,0,100,17607,-6450
117,245,3,0,0,-6550,135,205,4,0,0,100,17643,-6450
117,247,3,0,0,-6550,135,205,4,0,0,100,17679,-6450
117,249,3,0,0,-6550,135,205,4,0,0,100,17714,-6450
117,251,3,0,0,-6550,135,205,4,0,0,100,17750,-6450
117,253,3,0,0,-6550,135,205,4,0,0,100,17786,-6450
117,255,3,0,0,-6550,135,207,2,0,0,100,17821,-6450
117,257,3,0,0,-6550,135,209,2,0,0,100,17857,-6450
119,257,1,0,0,-6550,135,211,2,0,0,100,17893,-6450
121,257,1,0,0,-6550,135,213,2,0,0,100,17929,-6450
123,257,1,0,0,-6550,135,213,4,0,0,100,17964,-6450
125,257,1,0,0,-6550,135,213,4,0,0,100,18000,-6450
127,257,1,0,0,-6550,135,213,4,0,0,100,18034,-6450
129,257,1,0,0,-6550,133,213,0,0,0,100,18069,-6450
131,257,1,0,0,-6550,133,213,4,0,0,100,18103,-6450
133,257,1,0,0,-6550,133,213,4,0,0,100,18138,-6450
135,257,1,0,0,-6550,133,213,4,0,0,100,18172,-6450
137,257,1,0,0,-6550,133,213,4,0,0,100,18207,-6450
137,259,3,0,0,-6550,133,213,4,0,0,100,18241,-6450
137,261,3,0,0,-6550,133,213,4,0,0,100,18276,-6450
137,263,3,0,0,-6550,133,213,4,0,0,100,18310,-6450
137,265,3,0,0,-6550,133,215,2,0,0,100,18345,-6450
137,267,3,0,0,-6550,133,217,2,0,0,100,18379,-6450
137,267,3,0,0,-6550,133,217,4,0,0,100,18414,-6450
137,269,3,0,0,-6550,133,219,2,0,0,100,18448,-6450
137,271,3,0,0,-6550,133,221,2,0,0,100,18483,-6450
137,273,3,0,0,-6550,133,223,2,0,0,100,18517,-6450
137,275,3,0,0,-6550,133,225,2,0,0,100,18552,-6450
137,277,3,0,0,-6550,133,227,2,0,0,100,18586,-6450
137,279,3,0,0,-6550,133,229,2,0,0,100,18621,-6450
137,281,3,0,0,-6550,133,231,2,0,0,100,18655,-6450
137,283,3,0,0,-6550,133,233,2,0,0,100,18690,-6450
135,283,3,0,0,-6550,131,233,0,0,0,100,18724,-6450
135,285,3,0,0,-6550,131,235,2,0,0,100,18759,-6450
135,283,3,0,0,-6550,131,233,3,0,0,100,18793,-6450
135,285,3,0,0,-6550,131,235,2,0,0,100,18828,-6450
135,287,3,0,0,-6550,131,237,2,0,0,100,18862,-6450
135,287,4,0,0,-6550,131,239,2,0,0,100,18897,-6450
135,287,4,0,0,-6550,131,241,2,0,0,100,18931,-6450
137,287,1,0,0,-6550,131,243,2,0,0,100,18966,-6450
139,287,1,0,0,-6550,131,243,4,0,0,100,19000,-6450
141,287,1,0,0,-6550,131,243,4,0,0,100,19034,-6450
143,287,1,0,0,-6550,131,243,4,0,0,100,19069,-6450
145,287,1,0,0,-6550,131,243,4,0,0,100,19103,-6450
147,287,1,0,0,-6550,131,243,4,0,0,100,19138,-6450
149,287,1,0,0,-6550,131,243,4,0,0,100,19172,-6450
151,287,1,0,0,-6550,131,243,4,0,0,100,19207,-6450
153,287,1,0,0,-6550,131,243,4,0,0,100,19241,-6450
155,287,1,0,0,-6550,131,243,4,0,0,100,19276,-6450
157,287,1,0,0,-6550,131,245,2,0,0,100,19310,-6450
157,287,4,0,0,-6550,131,247,2,0,0,100,19345,-6450
155,287,0,0,0,-6550,131,249,2,0,0,100,19379,-6450
153,287,0,0,0,-6550,131,251,2,0,0,100,19414,-6450
151,287,0,0,0,-6550,131,253,2,0,0,100,19448,-6450
149,287,0,0,0,-6550,131,253,4,0,0,100,19483,-6450
147,287,0,0,0,-6550,131,253,4,0,0,100,19517,-6450
145,287,0,0,0,-6550,131,253,4,0,0,100,19552,-6450
143,287,0,0,0,-6550,131,255,2,0,0,100,19586,-6450
141,287,0,0,0,-6550,131,255,4,0,0,100,19621,-6450
139,287,0,0,0,-6550,131,255,4,0,0,100,19655,-6450
137,287,0,0,0,-6550,131,255,4,0,0,100,19690,-6450
135,287,0,0,0,-6550,131,255,4,0,0,100,19724,-6450
133,287,0,0,0,-6550,131,255,4,0,0,100,19759,-6450
131,287,0,0,0,-6550,131,255,4,0,0,100,19793,-6450
129,287,0,0,0,-6550,131,255,4,0,0,100,19828,-6450
127,287,0,0,0,-6550,131,255,4,0,0,100,19862,-6450
125,287,0,0,0,-6550,133,255,1,0,0,100,19897,-6450
123,287,0,0,0,-6550,133,255,4,0,0,100,19931,-6450
121,287,0,0,0,-6550,133,255,4,0,0,100,19966,-6450
119,287,0,0,0,-6550,133,255,4,0,0,100,20000,-6450
117,287,0,0,0,-6550,133,255,4,0,0,100,20036,-6450
115,287,0,0,0,-6550,133,255,4,0,0,100,20071,-6450
113,287,0,0,0,-6550,133,255,4,0,0,100,20107,-6450
111,287,0,0,0,-6550,133,255,4,0,0,100,20143,-6450
109,287,0,0,0,-6550,133,253,3,0,0,100,20179,-6450
107,287,0,0,0,-6550,133,253,4,0,0,100,20214,-6450
105,287,0,0,0,-6550,133,253,4,0,0,100,20250,-6450
103,287,0,0,0,-6550,133,253,4,0,0,100,20286,-6450
105,287,1,0,0,-6550,133,253,4,0,0,100,20321,-6450
107,287,1,0,0,-6550,133,253,4,0,0,100,20357,-6450
107,289,3,0,0,-6550,133,253,4,0,0,100,20464,-6450
107,291,3,0,0,-6550,133,253,4,0,0,100,20500,-6450
107,293,3,0,0,-6550,133,253,4,0,0,100,20536,-6450
107,295,3,0,0,-6550,133,253,4,0,0,100,20571,-6450
107,297,3,0,0,-6550,133,253,4,0,0,100,20607,-6450
107,295,1,0,0,-6550,133,251,3,0,0,100,20643,-6450
109,295,1,0,0,-6550,133,253,2,0,0,100,20679,-6450
109,297,3,0,0,-6550,133,255,2,0,0,100,20714,-6450
109,299,3,0,0,-6550,133,257,2,0,0,100,20750,-6450
109,301,3,0,0,-6550,133,259,2,0,0,100,20786,-6450
111,301,1,0,0,-6550,133,259,4,0,0,100,20821,-6450
113,301,1,0,0,-6550,133,259,4,0,0,100,20857,-6450
115,301,1,0,0,-6550,133,259,4,0,0,100,20893,-6450
117,301,1,0,0,-6550,133,259,4,0,0,100,20929,-6450
119,301,1,0,0,-6550,133,257,3,0,0,100,20964,-6450
121,301,1,0,0,-6550,133,257,4,0,0,100,21000,-6450
123,301,1,0,0,-6550,133,257,4,0,0,100,21034,-6450
125,301,1,0,0,-6550,133,257,4,0,0,100,21069,-6450
127,301,1,0,0,-6550,133,257,4,0,0,100,21103,-6450
129,301,1,0,0,-6550,133,257,4,0,0,100,21138,-6450
131,301,1,0,0,-6550,133,257,4,0,0,100,21172,-6450
133,301,1,0,0,-6550,133,257,4,0,0,100,21207,-6450
135,301,1,0,0,-6550,133,257,4,0,0,100,21241,-6450
137,301,1,0,0,-6550,133,257,4,0,0,100,21276,-6450
139,301,1,0,0,-6550,131,257,0,0,0,100,21310,-6450
141,301,1,0,0,-6550,131,257,4,0,0,100,21345,-6450
143,301,1,0,0,-6550,131,257,4,0,0,100,21379,-6450
145,301,1,0,0,-6550,131,257,4,0,0,100,21414,-6450
147,301,1,0,0,-6550,131,257,4,0,0,100,21448,-6450
149,301,1,0,0,-6550,131,257,4,0,0,100,21483,-6450
151,301,1,0,0,-6550,131,257,4,0,0,100,21517,-6450
153,301,1,0,0,-6550,131,257,4,0,0,100,21552,-6450
155,301,1,0,0,-6550,131,257,4,0,0,100,21586,-6450
157,301,1,0,0,-6550,131,259,2,0,0,100,21621,-6450
159,301,1,0,0,-6550,131,261,2,0,0,100,21655,-6450
161,301,1,0,0,-6550,131,263,2,0,0,100,21690,-6450
163,301,1,0,0,-6550,131,265,2,0,0,100,21724,-6450
165,301,1,0,0,-6550,131,265,4,0,0,100,21759,-6450
167,301,1,0,0,-6550,131,265,4,0,0,100,21793,-6450
169,301,1,0,0,-6550,131,267,2,0,0,100,21828,-6450
169,301,1,1,0,-6550,133,267,1,0,0,100,21862,-6450
169,301,1,1,0,-6600,135,267,1,0,0,100,21897,-6500
169,301,1,1,0,-6650,137,267,1,0,0,100,21931,-6550
169,301,1,1,0,-6700,139,267,1,0,0,100,21966,-6600
169,301,1,1,0,-6750,139,267,4,0,0,100,22000,-6650
169,301,1,1,0,-6800,139,267,4,0,0,100,22036,-6700
169,301,1,1,0,-6850,139,267,4,0,0,100,22071,-6750
169,301,1,1,0,-6900,139,269,2,0,0,100,22107,-6800
169,301,1,1,0,-6950,139,269,4,0,0,100,22143,-6850
169,301,1,1,0,-7000,139,269,4,0,0,100,22179,-6900
169,301,1,1,0,-7050,139,269,4,0,0,100,22214,-6950
169,301,1,1,0,-7100,139,269,4,0,0,100,22250,-7000
169,301,1,1,0,-7150,139,269,4,0,0,100,22286,-7050
169,301,1,1,0,-7200,139,269,4,0,0,100,22321,-7100
169,301,1,1,0,-7250,139,269,4,0,0,100,22357,-7150
169,301,1,1,0,-7300,139,269,4,0,0,100,22393,-7200
169,301,1,1,0,-7350,139,269,4,0,0,100,22429,-7250
169,301,1,1,0,-7400,139,269,4,0,0,100,22464,-7300
169,301,1,1,0,-7450,139,269,4,0,0,100,22500,-7350
169,301,1,1,0,-7500,139,269,4,0,0,100,22536,-7400
169,301,1,1,0,-7550,139,269,4,0,0,100,22571,-7450
169,301,1,1,0,-7600,139,269,4,0,0,100,22607,-7500
169,303,3,0,0,-7650,139,269,4,0,0,100,22643,-7550
169,305,3,0,0,-7650,139,269,4,0,0,100,22679,-7550
169,307,3,0,0,-7650,139,269,4,0,0,100,22714,-7550
169,309,3,0,0,-7650,139,269,4,0,0,100,22750,-7550
169,309,1,1,0,-7650,139,271,2,0,0,100,22786,-7550
169,309,1,1,0,-7700,139,273,2,0,0,100,22821,-7600
169,309,1,1,0,-7750,139,275,2,0,0,100,22857,-7650
169,309,1,1,0,-7800,139,277,2,0,0,100,22893,-7700
169,309,1,1,0,-7850,139,277,4,0,0,100,22929,-7750
169,309,1,1,0,-7900,139,277,4,0,0,100,22964,-7800
169,309,1,1,0,-7950,139,275,3,0,0,100,23000,-7850
169,309,1,1,0,-8000,139,275,4,0,0,100,23034,-7900
169,309,1,1,0,-8050,139,275,4,0,0,100,23069,-7950
169,309,1,1,0,-8100,139,275,4,0,0,100,23103,-8000
169,309,1,1,0,-8150,139,275,4,0,0,100,23138,-8050
169,309,1,1,0,-8200,139,275,4,0,0,100,23172,-8100
169,309,1,1,0,-8250,139,275,4,0,0,100,23207,-8150
169,309,1,1,0,-8300,139,277,2,0,0,100,23241,-8200
169,309,1,1,0,-8350,139,277,4,0,0,100,23276,-8250
169,309,1,1,0,-8400,139,277,4,0,0,100,23310,-8300
169,309,1,1,0,-8450,139,277,4,0,0,100,23345,-8350
169,309,1,1,0,-8500,139,277,4,0,0,100,23379,-8400
169,309,1,1,0,-8550,139,277,4,0,0,100,23414,-8450
169,309,1,1,0,-8600,141,277,1,0,0,100,23448,-8500
169,311,3,0,0,-8650,141,277,4,0,0,100,23690,-8550
169,313,3,0,0,-8650,141,277,4,0,0,100,23724,-8550
169,315,3,0,0,-8650,141,277,4,0,0,100,23759,-8550
169,317,3,0,0,-8650,141,277,4,0,0,100,23793,-8550
169,317,1,1,0,-8650,141,277,4,0,0,100,23828,-8550
169,317,1,1,0,-8700,141,277,4,0,0,100,23862,-8600
169,317,1,1,0,-8750,141,277,4,0,0,100,23897,-8650
169,317,1,1,0,-8800,141,277,4,0,0,100,23931,-8700
169,317,1,1,0,-8850,141,277,4,0,0,100,23966,-8750
169,317,1,1,0,-8900,141,277,4,0,0,100,24000,-8800
169,317,1,1,0,-8950,141,277,4,0,0,100,24034,-8850
169,317,1,1,0,-9000,141,277,4,0,0,100,24069,-8900
169,317,1,1,0,-9050,143,277,1,0,0,100,24103,-8950
169,317,1,1,0,-9100,143,277,4,0,0,100,24138,-9000
169,317,1,1,0,-9150,143,279,2,0,0,100,24172,-9050
169,317,1,1,0,-9200,143,279,4,0,0,100,24207,-9100
169,317,1,1,0,-9250,143,279,4,0,0,100,24241,-9150
169,317,1,1,0,-9300,143,279,4,0,0,100,24276,-9200
169,317,1,1,0,-9350,143,279,4,0,0,100,24310,-9250
167,317,0,0,0,-9400,143,279,4,0,0,100,24345,-9300
165,317,0,0,0,-9400,143,279,4,0,0,100,24379,-9300
163,317,0,0,0,-9400,141,279,0,0,0,100,24414,-9300
161,317,0,0,0,-9400,141,279,4,0,0,100,24448,-9300
159,317,0,0,0,-9400,141,279,4,0,0,100,24483,-9300
157,317,0,0,0,-9400,141,279,4,0,0,100,24517,-9300
155,317,0,0,0,-9400,141,279,4,0,0,100,24552,-9300
153,317,0,0,0,-9400,141,279,4,0,0,100,24586,-9300
151,317,0,0,0,-9400,141,279,4,0,0,100,24621,-9300
149,317,0,0,0,-9400,141,281,2,0,0,100,24655,-9300
147,317,0,0,0,-9400,141,281,4,0,0,100,24690,-9300
145,317,0,0,0,-9400,141,281,4,0,0,100,24724,-9300
143,317,0,0,0,-9400,141,281,4,0,0,100,24759,-9300
141,317,0,0,0,-9400,141,279,3,0,0,100,24793,-9300
139,317,0,0,0,-9400,141,279,4,0,0,100,24828,-9300
137,317,0,0,0,-9400,141,279,4,0,0,100,24862,-9300
135,317,0,0,0,-9400,141,279,4,0,0,100,24897,-9300
133,317,0,0,0,-9400,141,279,4,0,0,100,24931,-9300
131,317,0,0,0,-9400,141,279,4,0,0,100,24966,-9300
129,317,0,0,0,-9400,141,279,4,0,0,100,25000,-9300
127,317,0,0,0,-9400,141,279,4,0,0,100,25034,-9300
125,317,0,0,0,-9400,141,279,4,0,0,100,25069,-9300
123,317,0,0,0,-9400,141,279,4,0,0,100,25103,-9300
123,315,2,0,0,-9400,143,279,1,0,0,100,25138,-9300
123,313,2,0,0,-9400,145,279,1,0,0,100,25172,-9300
123,311,2,0,0,-9400,147,279,1,0,0,100,25207,-9300
123,309,2,0,0,-9400,145,279,0,0,0,100,25241,-9300
123,307,2,0,0,-9400,145,279,4,0,0,100,25276,-9300
123,305,2,0,0,-9400,145,279,4,0,0,100,25310,-9300
123,303,2,0,0,-9400,145,279,4,0,0,100,25345,-9300
123,301,2,0,0,-9400,147,279,1,0,0,100,25379,-9300
123,299,2,0,0,-9400,147,279,4,0,0,100,25414,-9300
123,297,2,0,0,-9400,147,279,4,0,0,100,25448,-9300
123,295,2,0,0,-9400,147,277,3,0,0,100,25483,-9300
123,293,2,0,0,-9400,147,277,4,0,0,100,25517,-9300
123,291,2,0,0,-9400,147,277,4,0,0,100,25552,-9300
123,289,2,0,0,-9400,147,277,4,0,0,100,25586,-9300
123,287,2,0,0,-9400,147,277,4,0,0,100,25621,-9300
121,287,0,0,0,-9400,147,277,4,0,0,100,25655,-9300
119,287,0,0,0,-9400,147,277,4,0,0,100,25690,-9300
117,287,0,0,0,-9400,147,277,4,0,0,100,25724,-9300
115,287,0,0,0,-9400,147,277,4,0,0,100,25759,-9300
113,287,0,0,0,-9400,147,277,4,0,0,100,25793,-9300
111,287,0,0,0,-9400,147,277,4,0,0,100,25828,-9300
109,287,0,0,0,-9400,147,277,4,0,0,100,25862,-9300
107,287,0,0,0,-9400,147,277,4,0,0,100,25897,-9300
105,287,0,0,0,-9400,147,277,4,0,0,100,25931,-9300
103,287,0,0,0,-9400,147,277,4,0,0,100,25966,-9300
101,287,0,0,0,-9400,147,277,4,0,0,100,26000,-9300
99,287,0,0,0,-9400,147,277,4,0,0,100,26036,-9300
97,287,0,0,0,-9400,147,277,4,0,0,100,26071,-9300
95,287,0,0,0,-9400,145,277,0,0,0,100,26107,-9300
93,287,0,0,0,-9400,143,277,0,0,0,100,26143,-9300
91,287,0,0,0,-9400,141,277,0,0,0,100,26179,-9300
89,287,0,0,0,-9400,139,277,0,0,0,100,26214,-9300
87,287,0,0,0,-9400,137,277,0,0,0,100,26250,-9300
85,287,0,0,0,-9400,135,277,0,0,0,100,26286,-9300
83,287,0,0,0,-9400,133,277,0,0,0,100,26321,-9300
81,287,0,0,0,-9400,131,277,0,0,0,100,26357,-9300
79,287,0,0,0,-9400,129,277,0,0,0,100,26393,-9300
77,287,0,0,0,-9400,127,277,0,0,0,100,26429,-9300
75,287,0,0,0,-9400,125,277,0,0,0,100,26464,-9300
75,285,0,0,0,-9400,125,275,3,0,0,100,26500,-9300
73,285,0,0,0,-9400,123,275,0,0,0,100,26536,-9300
71,285,0,0,0,-9400,121,275,0,0,0,100,26571,-9300
69,285,0,0,0,-9400,119,275,0,0,0,100,26607,-9300
67,285,0,0,0,-9400,117,275,0,0,0,100,26643,-9300
65,285,0,0,0,-9400,115,275,0,0,0,100,26679,-9300
67,285,0,0,0,-9400,117,275,1,0,0,100,26714,-9300
65,285,0,0,0,-9400,115,275,0,0,0,100,26750,-9300
65,283,2,0,0,-9400,113,275,0,0,0,100,26786,-9300
65,281,2,0,0,-9400,111,275,0,0,0,100,26821,-9300
65,279,2,0,0,-9400,109,275,0,0,0,100,26857,-9300
65,277,2,0,0,-9400,109,275,4,0,0,100,26893,-9300
65,275,2,0,0,-9400,109,275,4,0,0,100,26929,-9300
65,273,2,0,0,-9400,109,275,4,0,0,100,26964,-9300
65,271,2,0,0,-9400,109,275,4,0,0,100,27000,-9300
65,269,2,0,0,-9400,109,275,4,0,0,100,27034,-9300
65,267,2,0,0,-9400,109,275,4,0,0,100,27069,-9300
63,267,0,0,0,-9400,109,275,4,0,0,100,27103,-9300
61,267,0,0,0,-9400,109,275,4,0,0,100,27138,-9300
59,267,0,0,0,-9400,109,275,4,0,0,100,27172,-9300
57,267,0,0,0,-9400,107,275,0,0,0,100,27207,-9300
55,267,0,0,0,-9400,105,275,0,0,0,100,27241,-9300
53,267,0,0,0,-9400,103,275,0,0,0,100,27276,-9300
51,267,0,0,0,-9400,101,275,0,0,0,100,27310,-9300
49,267,0,0,0,-9400,99,275,0,0,0,100,27345,-9300
49,265,0,0,0,-9400,99,273,3,0,0,100,27379,-9300
47,265,0,0,0,-9400,97,273,0,0,0,100,27414,-9300
45,265,0,0,0,-9400,95,273,0,0,0,100,27448,-9300
43,265,0,0,0,-9400,93,273,0,0,0,100,27483,-9300
41,265,0,0,0,-9400,91,273,0,0,0,100,27517,-9300
39,265,0,0,0,-9400,89,273,0,0,0,100,27552,-9300
37,265,0,0,0,-9400,87,273,0,0,0,100,27586,-9300
35,265,0,0,0,-9400,85,273,0,0,0,100,27621,-9300
33,265,0,0,0,-9400,83,273,0,0,0,100,27655,-9300
35,265,0,0,0,-9400,85,273,1,0,0,100,27690,-9300
33,265,0,0,0,-9400,83,273,0,0,0,100,27724,-9300
31,265,0,0,0,-9400,81,273,0,0,0,100,27759,-9300
29,265,0,0,0,-9400,79,273,0,0,0,100,27793,-9300
27,265,0,0,0,-9400,77,273,0,0,0,100,27828,-9300
25,265,0,0,0,-9400,75,273,0,0,0,100,27862,-9300
23,265,0,0,0,-9400,73,273,0,0,0,100,27897,-9300
21,265,0,0,0,-9400,71,273,0,0,0,100,27931,-9300
19,265,0,0,0,-9400,69,273,0,0,0,100,27966,-9300
17,265,0,0,0,-9400,67,273,0,0,0,100,28000,-9300
15,265,0,0,0,-9400,65,273,0,0,0,100,28036,-9300
13,265,0,0,0,-9400,63,273,0,0,0,100,28071,-9300
13,263,0,0,0,-9400,63,271,3,0,0,100,28107,-9300
11,263,0,0,0,-9400,61,271,0,0,0,100,28143,-9300
9,263,0,0,0,-9400,59,271,0,0,0,100,28179,-9300
7,263,0,0,0,-9400,57,271,0,0,0,100,28214,-9300
5,263,0,0,0,-9400,55,271,0,0,0,100,28250,-9300
3,263,0,0,0,-9400,53,271,0,0,0,100,28286,-9300
1,263,0,0,0,-9400,51,271,0,0,0,100,28321,-9300
-1,263,0,0,0,-9400,49,271,0,0,0,100,28357,-9300
1,263,1,0,0,-9400,49,269,3,0,0,100,28393,-9300
3,263,1,0,0,-9400,47,269,0,0,0,100,28429,-9300
5,263,1,0,0,-9400,47,271,2,0,0,100,28464,-9300
7,263,1,0,0,-9400,45,271,0,0,0,100,28500,-9300
9,263,1,0,0,-9400,43,271,0,0,0,100,28536,-9300
11,263,1,0,0,-9400,43,271,4,0,0,100,28571,-9300
13,263,1,0,0,-9400,43,269,3,0,0,100,28607,-9300
15,263,1,0,0,-9400,43,269,4,0,0,100,28643,-9300
17,263,1,0,0,-9400,43,269,4,0,0,100,28679,-9300
19,263,1,0,0,-9400,43,269,4,0,0,100,28714,-9300
21,263,1,0,0,-9400,43,269,4,0,0,100,28750,-9300
23,263,1,0,0,-9400,43,269,4,0,0,100,28786,-9300
25,263,1,0,0,-9400,43,271,2,0,0,100,28821,-9300
25,261,2,0,0,-9400,43,271,4,0,0,100,28857,-9300
25,259,2,0,0,-9400,43,271,4,0,0,100,28893,-9300
25,257,2,0,0,-9400,43,269,3,0,0,100,28929,-9300
25,255,2,0,0,-9400,43,269,4,0,0,100,28964,-9300
25,253,2,0,0,-9400,43,269,4,0,0,100,29000,-9300
25,251,2,0,0,-9400,43,269,4,0,0,100,29034,-9300
25,249,2,0,0,-9400,43,269,4,0,0,100,29069,-9300
25,247,2,0,0,-9400,43,269,4,0,0,100,29103,-9300
25,245,2,0,0,-9400,43,269,4,0,0,100,29138,-9300
25,243,2,0,0,-9400,43,269,4,0,0,100,29172,-9300
25,241,2,0,0,-9400,43,269,4,0,0,100,29207,-9300
25,239,2,0,0,-9400,43,269,4,0,0,100,29241,-9300
25,237,2,0,0,-9400,43,269,4,0,0,100,29276,-9300
27,237,1,0,0,-9400,43,269,4,0,0,100,29310,-9300
29,237,1,0,0,-9400,43,269,4,0,0,100,29345,-9300
31,237,1,0,0,-9400,43,269,4,0,0,100,29379,-9300
33,237,1,0,0,-9400,43,269,4,0,0,100,29414,-9300
35,237,1,0,0,-9400,43,269,4,0,0,100,29448,-9300
35,235,2,0,0,-9400,43,269,4,0,0,100,29483,-9300
35,233,2,0,0,-9400,43,269,4,0,0,100,29517,-9300
35,231,2,0,0,-9400,41,269,0,0,0,100,29552,-9300
35,229,2,0,0,-9400,41,269,4,0,0,100,29586,-9300
35,227,2,0,0,-9400,41,269,4,0,0,100,29621,-9300
35,225,2,0,0,-9400,41,269,4,0,0,100,29655,-9300
35,223,2,0,0,-9400,41,269,4,0,0,100,29690,-9300
35,221,2,0,0,-9400,41,269,4,0,0,100,29724,-9300
35,219,2,0,0,-9400,41,269,4,0,0,100,29759,-9300
35,217,2,0,0,-9400,41,267,3,0,0,100,29793,-9300
35,215,2,0,0,-9400,41,265,3,0,0,100,29828,-9300
35,213,2,0,0,-9400,41,263,3,0,0,100,29862,-9300
35,211,2,0,0,-9400,41,261,3,0,0,100,29897,-9300
35,209,2,0,0,-9400,41,259,3,0,0,100,29931,-9300
35,207,2,0,0,-9400,41,257,3,0,0,100,29966,-9300
35,205,2,0,0,-9400,41,255,3,0,0,100,30000,-9300
35,203,2,0,0,-9400,41,253,3,0,0,100,30034,-9300
35,201,2,0,0,-9400,41,251,3,0,0,100,30069,-9300
35,199,2,0,0,-9400,41,249,3,0,0,100,30103,-9300
35,197,2,0,0,-9400,41,247,3,0,0,100,30138,-9300
35,195,2,0,0,-9400,41,245,3,0,0,100,30172,-9300
35,193,2,0,0,-9400,41,243,3,0,0,100,30207,-9300
35,191,2,0,0,-9400,41,241,3,0,0,100,30241,-9300
35,189,2,0,0,-9400,41,239,3,0,0,100,30276,-9300
35,187,2,0,0,-9400,41,237,3,0,0,100,30310,-9300
35,185,2,0,0,-9400,41,235,3,0,0,100,30345,-9300
35,183,2,0,0,-9400,41,233,3,0,0,100,30379,-9300
35,181,2,0,0,-9400,41,231,3,0,0,100,30414,-9300
35,179,2,0,0,-9400,41,229,3,0,0,100,30448,-9300
35,177,2,0,0,-9400,41,227,3,0,0,100,30483,-9300
35,175,2,0,0,-9400,41,225,3,0,0,100,30517,-9300
35,177,2,0,0,-9400,41,227,2,0,0,100,30552,-9300
35,175,2,0,0,-9400,41,225,3,0,0,100,30586,-9300
35,173,2,0,0,-9400,41,223,3,0,0,100,30621,-9300
35,171,2,0,0,-9400,41,221,3,0,0,100,30655,-9300
35,169,2,0,0,-9400,41,219,3,0,0,100,30690,-9300
35,167,2,0,0,-9400,41,217,3,0,0,100,30724,-9300
35,165,2,0,0,-9400,41,215,3,0,0,100,30759,-9300
35,163,2,0,0,-9400,41,213,3,0,0,100,30793,-9300
35,161,2,0,0,-9400,41,211,3,0,0,100,30828,-9300
35,159,2,0,0,-9400,41,209,3,0,0,100,30862,-9300
35,157,2,0,0,-9400,41,207,3,0,0,100,30897,-9300
35,155,2,0,0,-9400,41,205,3,0,0,100,30931,-9300
35,153,2,0,0,-9400,41,203,3,0,0,100,30966,-9300
35,151,2,0,0,-9400,41,201,3,0,0,100,31000,-9300
35,149,2,0,0,-9400,41,199,3,0,0,100,31034,-9300
35,147,2,0,0,-9400,41,197,3,0,0,100,31069,-9300
35,145,2,0,0,-9400,41,195,3,0,0,100,31103,-9300
35,143,2,0,0,-9400,41,193,3,0,0,100,31138,-9300
35,141,2,0,0,-9400,41,191,3,0,0,100,31172,-9300
35,139,2,0,0,-9400,41,189,3,0,0,100,31207,-9300
35,137,2,0,0,-9400,41,187,3,0,0,100,31241,-9300
35,135,2,0,0,-9400,41,185,3,0,0,100,31276,-9300
35,133,2,0,0,-9400,41,183,3,0,0,100,31310,-9300
35,131,2,0,0,-9400,41,181,3,0,0,100,31345,-9300
35,129,2,0,0,-9400,41,179,3,0,0,100,31379,-9300
35,127,2,0,0,-9400,41,177,3,0,0,100,31414,-9300
35,125,2,0,0,-9400,41,175,3,0,0,100,31448,-9300
35,123,2,0,0,-9400,41,173,3,0,0,100,31483,-9300
35,121,2,0,0,-9400,41,171,3,0,0,100,31517,-9300
35,119,2,0,0,-9400,41,169,3,0,0,100,31552,-9300
35,117,2,0,0,-9400,41,167,3,0,0,100,31586,-9300
37,117,1,0,0,-9400,41,165,3,0,0,100,31621,-9300
39,117,1,0,0,-9400,41,163,3,0,0,100,31655,-9300
41,117,1,0,0,-9400,41,161,3,0,0,100,31690,-9300
43,117,1,0,0,-9400,41,161,4,0,0,100,31724,-9300
45,117,1,0,0,-9400,41,161,4,0,0,100,31759,-9300
47,117,1,0,0,-9400,41,161,4,0,0,100,31793,-9300
49,117,1,0,0,-9400,41,161,4,0,0,100,31828,-9300
51,117,1,0,0,-9400,41,161,4,0,0,100,31862,-9300
53,117,1,0,0,-9400,41,161,4,0,0,100,31897,-9300
55,117,1,0,0,-9400,41,161,4,0,0,100,31931,-9300
57,117,1,0,0,-9400,41,161,4,0,0,100,31966,-9300
57,117,1,1,0,-9400,41,161,4,0,0,100,32000,-9300
57,117,1,1,0,-9450,41,161,4,0,0,100,32036,-9350
57,117,1,1,0,-9500,41,161,4,0,0,100,32071,-9400
57,117,1,1,0,-9550,41,163,2,0,0,100,32107,-9450
57,117,1,1,0,-9600,41,163,4,0,0,100,32143,-9500
57,117,1,1,0,-9650,41,163,4,0,0,100,32179,-9550
57,117,1,1,0,-9700,41,163,4,0,0,100,32214,-9600
57,117,1,1,0,-9750,41,163,4,0,0,100,32250,-9650
57,117,1,1,0,-9800,41,163,4,0,0,100,32286,-9700
57,117,1,1,0,-9850,41,163,4,0,0,100,32321,-9750
57,117,1,1,0,-9900,41,163,4,0,0,100,32357,-9800
57,117,1,1,0,-9950,41,161,3,0,0,100,32393,-9850
57,117,1,1,0,-10000,41,161,4,0,0,100,32429,-9900
57,117,1,1,0,-10050,41,161,4,0,0,100,32464,-9950
57,117,1,1,0,-10100,41,161,4,0,0,100,32500,-10000
57,117,1,1,0,-10150,41,161,4,0,0,100,32536,-10050
57,117,1,1,0,-10200,41,161,4,0,0,100,32571,-10100
57,117,1,1,0,-10250,41,161,4,0,0,100,32607,-10150
57,117,1,1,0,-10300,41,161,4,0,0,100,32643,-10200
57,117,1,1,0,-10350,41,161,4,0,0,100,32679,-10250
57,117,1,1,0,-10400,41,161,4,0,0,100,32714,-10300
57,117,1,1,0,-10450,41,161,4,0,0,100,32750,-10350
57,117,1,1,0,-10500,39,161,0,0,0,100,32786,-10400
57,117,1,1,0,-10550,39,161,4,0,0,100,32821,-10450
57,117,1,1,0,-10600,39,161,4,0,0,100,32857,-10500
57,117,1,1,0,-10650,39,161,4,0,0,100,32893,-10550
57,117,1,1,0,-10700,39,161,4,0,0,100,32929,-10600
57,117,1,1,0,-10750,39,161,4,0,0,100,32964,-10650
57,117,1,1,0,-10800,39,161,4,0,0,100,33000,-10700
57,117,1,1,0,-10850,39,161,4,0,0,100,33034,-10750
57,117,1,1,0,-10900,39,161,4,0,0,100,33069,-10800
57,117,1,1,0,-10950,39,161,4,0,0,100,33103,-10850
57,117,1,1,0,-11000,39,161,4,0,0,100,33138,-10900
57,117,1,1,0,-11050,39,161,4,0,0,100,33172,-10950
57,117,1,1,0,-11100,41,161,1,0,0,100,33207,-11000
57,115,2,0,0,-11150,41,161,4,0,0,100,33241,-11050
57,113,2,0,0,-11150,41,161,4,0,0,100,33276,-11050
55,113,0,0,0,-11150,41,159,3,0,0,100,33310,-11050
53,113,0,0,0,-11150,41,157,3,0,0,100,33345,-11050
51,113,0,0,0,-11150,41,155,3,0,0,100,33379,-11050
49,113,0,0,0,-11150,41,153,3,0,0,100,33414,-11050
47,113,0,0,0,-11150,41,153,4,0,0,100,33448,-11050
45,113,0,0,0,-11150,43,153,1,0,0,100,33483,-11050
43,113,0,0,0,-11150,43,153,4,0,0,100,33517,-11050
43,111,2,0,0,-11150,43,153,4,0,0,100,33552,-11050
43,109,2,0,0,-11150,43,153,4,0,0,100,33586,-11050
43,107,2,0,0,-11150,43,153,4,0,0,100,33621,-11050
43,105,2,0,0,-11150,43,153,4,0,0,100,33655,-11050
43,103,2,0,0,-11150,43,153,4,0,0,100,33690,-11050
43,101,2,0,0,-11150,43,151,3,0,0,100,33724,-11050
45,101,1,0,0,-11150,43,149,3,0,0,100,33759,-11050
47,101,1,0,0,-11150,43,147,3,0,0,100,33793,-11050
49,101,1,0,0,-11150,43,145,3,0,0,100,33828,-11050
51,101,1,0,0,-11150,43,145,4,0,0,100,33862,-11050
53,101,1,0,0,-11150,43,145,4,0,0,100,33897,-11050
55,101,1,0,0,-11150,43,145,4,0,0,100,33931,-11050
57,101,1,0,0,-11150,43,145,4,0,0,100,33966,-11050
59,101,1,0,0,-11150,43,145,4,0,0,100,34000,-11050
61,101,1,0,0,-11150,43,145,4,0,0,100,34036,-11050
63,101,1,0,0,-11150,43,145,4,0,0,100,34071,-11050
65,101,1,0,0,-11150,43,143,3,0,0,100,34107,-11050
67,101,1,0,0,-11150,43,143,4,0,0,100,34143,-11050
69,101,1,0,0,-11150,43,143,4,0,0,100,34179,-11050
71,101,1,0,0,-11150,43,143,4,0,0,100,34214,-11050
73,101,1,0,0,-11150,43,141,3,0,0,100,34250,-11050
75,101,1,0,0,-11150,43,139,3,0,0,100,34286,-11050
73,101,1,0,0,-11150,41,139,0,0,0,100,34321,-11050
75,101,1,0,0,-11150,41,137,3,0,0,100,34357,-11050
77,101,1,0,0,-11150,41,135,3,0,0,100,34393,-11050
79,101,1,0,0,-11150,41,135,4,0,0,100,34429,-11050
81,101,1,0,0,-11150,43,135,1,0,0,100,34464,-11050
83,101,1,0,0,-11150,45,135,1,0,0,100,34500,-11050
85,101,1,0,0,-11150,47,135,1,0,0,100,34536,-11050
87,101,1,0,0,-11150,49,135,1,0,0,100,34571,-11050
89,101,1,0,0,-11150,51,135,1,0,0,100,34607,-11050
91,101,1,0,0,-11150,53,135,1,0,0,100,34643,-11050
93,101,1,0,0,-11150,55,135,1,0,0,100,34679,-11050
95,101,1,0,0,-11150,57,135,1,0,0,100,34714,-11050
97,101,1,0,0,-11150,59,135,1,0,0,100,34750,-11050
99,101,1,0,0,-11150,61,135,1,0,0,100,34786,-11050
101,101,1,0,0,-11150,63,135,1,0,0,100,34821,-11050
103,101,1,0,0,-11150,65,135,1,0,0,100,34857,-11050
105,101,1,0,0,-11150,67,135,1,0,0,100,34893,-11050
107,101,1,0,0,-11150,67,133,3,0,0,100,34929,-11050
109,101,1,0,0,-11150,69,133,1,0,0,100,34964,-11050
109,103,3,0,0,-11150,71,133,1,0,0,100,35000,-11050
109,105,3,0,0,-11150,71,133,4,0,0,100,35034,-11050
109,107,3,0,0,-11150,71,131,3,0,0,100,35069,-11050
109,109,3,0,0,-11150,73,131,1,0,0,100,35103,-11050
109,111,3,0,0,-11150,73,131,4,0,0,100,35138,-11050
109,113,3,0,0,-11150,73,131,4,0,0,100,35172,-11050
109,115,3,0,0,-11150,73,131,4,0,0,100,35207,-11050
109,117,3,0,0,-11150,73,131,4,0,0,100,35241,-11050
109,119,3,0,0,-11150,73,131,4,0,0,100,35276,-11050
107,119,0,0,0,-11150,73,131,4,0,0,100,35345,-11050
105,119,0,0,0,-11150,73,131,4,0,0,100,35379,-11050
103,119,0,0,0,-11150,71,131,0,0,0,100,35414,-11050
101,119,0,0,0,-11150,71,131,4,0,0,100,35448,-11050
99,119,0,0,0,-11150,71,131,4,0,0,100,35483,-11050
97,119,0,0,0,-11150,71,131,4,0,0,100,35517,-11050
95,119,0,0,0,-11150,71,131,4,0,0,100,35552,-11050
93,119,0,0,0,-11150,71,131,4,0,0,100,35586,-11050
91,119,0,0,0,-11150,71,131,4,0,0,100,35621,-11050
89,119,0,0,0,-11150,71,131,4,0,0,100,35655,-11050
87,119,0,0,0,-11150,71,131,4,0,0,100,35690,-11050
85,119,0,0,0,-11150,71,131,4,0,0,100,35724,-11050
85,117,2,0,0,-11150,71,131,4,0,0,100,35759,-11050
85,115,2,0,0,-11150,73,131,1,0,0,100,35793,-11050
85,113,2,0,0,-11150,73,131,4,0,0,100,35828,-11050
85,111,2,0,0,-11150,73,131,4,0,0,100,35862,-11050
85,109,2,0,0,-11150,73,131,4,0,0,100,35897,-11050
85,107,2,0,0,-11150,73,131,4,0,0,100,35931,-11050
85,105,2,0,0,-11150,73,131,4,0,0,100,35966,-11050
85,103,2,0,0,-11150,73,131,4,0,0,100,36000,-11050
85,101,2,0,0,-11150,73,131,4,0,0,100,36036,-11050
85,99,2,0,0,-11150,73,131,4,0,0,100,36071,-11050
85,97,2,0,0,-11150,73,131,4,0,0,100,36107,-11050
85,95,2,0,0,-11150,73,131,4,0,0,100,36143,-11050
85,93,2,0,0,-11150,73,131,4,0,0,100,36179,-11050
85,91,2,0,0,-11150,73,131,4,0,0,100,36214,-11050
85,89,2,0,0,-11150,73,131,4,0,0,100,36250,-11050
85,87,2,0,0,-11150,73,131,4,0,0,100,36286,-11050
85,85,2,0,0,-11150,73,131,4,0,0,100,36321,-11050
85,83,2,0,0,-11150,73,131,4,0,0,100,36357,-11050
85,81,2,0,0,-11150,73,131,4,0,0,100,36393,-11050
85,83,2,0,0,-11150,73,133,2,0,0,100,36429,-11050
85,81,2,0,0,-11150,73,131,3,0,0,100,36464,-11050
87,81,2,0,0,-11150,75,131,1,0,0,100,36500,-11050
87,79,2,0,0,-11150,75,129,3,0,0,100,36536,-11050
87,77,2,0,0,-11150,75,127,3,0,0,100,36571,-11050
87,75,2,0,0,-11150,75,125,3,0,0,100,36607,-11050
87,73,2,0,0,-11150,75,123,3,0,0,100,36643,-11050
87,71,2,0,0,-11150,75,121,3,0,0,100,36679,-11050
87,69,2,0,0,-11150,75,119,3,0,0,100,36714,-11050
87,67,2,0,0,-11150,75,117,3,0,0,100,36750,-11050
87,65,2,0,0,-11150,75,115,3,0,0,100,36786,-11050
87,63,2,0,0,-11150,75,113,3,0,0,100,36821,-11050
87,61,2,0,0,-11150,75,111,3,0,0,100,36857,-11050
87,59,2,0,0,-11150,75,109,3,0,0,100,36893,-11050
85,59,2,0,0,-11150,73,109,0,0,0,100,36929,-11050
85,57,2,0,0,-11150,73,107,3,0,0,100,36964,-11050
85,55,2,0,0,-11150,73,105,3,0,0,100,37000,-11050
85,53,2,0,0,-11150,73,103,3,0,0,100,37034,-11050
85,51,2,0,0,-11150,73,101,3,0,0,100,37069,-11050
85,49,2,0,0,-11150,73,99,3,0,0,100,37103,-11050
85,49,2,0,0,-11150,73,99,4,0,0,100,37138,-11050
85,47,2,0,0,-11150,73,97,3,0,0,100,37172,-11050
83,47,2,0,0,-11150,71,97,0,0,0,100,37207,-11050
83,45,2,0,0,-11150,71,95,3,0,0,100,37241,-11050
83,43,2,0,0,-11150,71,93,3,0,0,100,37276,-11050
81,43,2,0,0,-11150,69,93,0,0,0,100,37310,-11050
81,41,2,0,0,-11150,69,91,3,0,0,100,37345,-11050
79,41,2,0,0,-11150,67,91,0,0,0,100,37379,-11050
79,39,2,0,0,-11150,67,89,3,0,0,100,37414,-11050
79,37,2,0,0,-11150,67,87,3,0,0,100,37448,-11050
79,37,2,0,0,-11150,67,87,4,0,0,100,37483,-11050
79,35,2,0,0,-11150,67,85,3,0,0,100,37517,-11050
79,33,2,0,0,-11150,67,83,3,0,0,100,37552,-11050
79,31,2,0,0,-11150,67,81,3,0,0,100,37586,-11050
79,29,2,0,0,-11150,67,79,3,0,0,100,37621,-11050
79,27,2,0,0,-11150,67,77,3,0,0,100,37655,-11050
79,25,2,0,0,-11150,67,75,3,0,0,100,37690,-11050
79,23,2,0,0,-11150,67,73,3,0,0,100,37724,-11050
79,21,2,0,0,-11150,67,71,3,0,0,100,37759,-11050
79,19,2,0,0,-11150,67,69,3,0,0,100,37793,-11050
79,17,2,0,0,-11150,67,67,3,0,0,100,37828,-11050
79,15,2,0,0,-11150,67,65,3,0,0,100,37862,-11050
79,13,2,0,0,-11150,67,63,3,0,0,100,37897,-11050
79,11,2,0,0,-11150,67,61,3,0,0,100,37931,-11050
81,11,1,0,0,-11150,67,59,3,0,0,100,37966,-11050
83,11,1,0,0,-11150,67,57,3,0,0,100,38000,-11050
85,11,1,0,0,-11150,67,55,3,0,0,100,38036,-11050
87,11,1,0,0,-11150,67,53,3,0,0,100,38071,-11050
89,11,1,0,0,-11150,67,53,4,0,0,100,38107,-11050
91,11,1,0,0,-11150,67,53,4,0,0,100,38143,-11050
93,11,1,0,0,-11150,67,53,4,0,0,100,38179,-11050
95,11,1,0,0,-11150,67,53,4,0,0,100,38214,-11050
97,11,1,0,0,-11150,67,51,3,0,0,100,38250,-11050
99,11,1,0,0,-11150,67,49,3,0,0,100,38286,-11050
101,11,1,0,0,-11150,67,47,3,0,0,100,38321,-11050
99,11,1,0,0,-11150,65,47,0,0,0,100,38357,-11050
101,11,1,0,0,-11150,65,45,3,0,0,100,38393,-11050
103,11,1,0,0,-11150,65,45,4,0,0,100,38429,-11050
105,11,1,0,0,-11150,67,45,1,0,0,100,38464,-11050
107,11,1,0,0,-11150,69,45,1,0,0,100,38500,-11050
109,11,1,0,0,-11150,71,45,1,0,0,100,38536,-11050
111,11,1,0,0,-11150,73,45,1,0,0,100,38571,-11050
113,11,1,0,0,-11150,75,45,1,0,0,100,38607,-11050
113,13,1,0,0,-11150,75,47,2,0,0,100,38643,-11050
115,13,1,0,0,-11150,77,47,1,0,0,100,38679,-11050
117,13,1,0,0,-11150,79,47,1,0,0,100,38714,-11050
119,13,1,0,0,-11150,81,47,1,0,0,100,38750,-11050
121,13,1,0,0,-11150,83,47,1,0,0,100,38786,-11050
123,13,1,0,0,-11150,85,47,1,0,0,100,38821,-11050
125,13,1,0,0,-11150,87,47,1,0,0,100,38857,-11050
127,13,1,0,0,-11150,89,47,1,0,0,100,38893,-11050
127,13,1,1,0,-11150,91,47,1,0,0,100,38929,-11050
127,13,1,1,0,-11200,91,47,4,0,0,100,38964,-11100
127,13,1,1,0,-11250,93,47,1,0,0,100,39000,-11150
127,13,1,1,0,-11300,95,47,1,0,0,100,39036,-11200
127,13,1,1,0,-11350,97,47,1,0,0,100,39071,-11250
127,13,1,1,0,-11400,97,47,4,0,0,100,39107,-11300
127,13,1,1,0,-11450,97,47,4,0,0,100,39143,-11350
127,13,1,1,0,-11500,97,47,4,0,0,100,39178,-11400
127,13,1,1,0,-11550,97,47,4,0,0,100,39214,-11450
127,13,1,1,0,-11600,97,47,4,0,0,100,39250,-11500
127,13,1,1,0,-11650,97,47,4,0,0,100,39285,-11550
127,13,1,1,0,-11700,97,47,4,0,0,100,39321,-11600
129,13,1,0,0,-11750,97,45,3,0,0,100,39357,-11650
131,13,1,0,0,-11750,97,45,4,0,0,100,39392,-11650
133,13,1,0,0,-11750,97,45,4,0,0,100,39428,-11650
135,13,1,0,0,-11750,97,45,4,0,0,100,39464,-11650
137,13,1,0,0,-11750,97,45,4,0,0,100,39500,-11650
139,13,1,0,0,-11750,99,45,1,0,0,100,39535,-11650
141,13,1,0,0,-11750,101,45,1,0,0,100,39571,-11650
143,13,1,0,0,-11750,103,45,1,0,0,100,39607,-11650
145,13,1,0,0,-11750,105,45,1,0,0,100,39642,-11650
147,13,1,0,0,-11750,107,45,1,0,0,100,39678,-11650
149,13,1,0,0,-11750,109,45,1,0,0,100,39714,-11650
151,13,1,0,0,-11750,111,45,1,0,0,100,39749,-11650
153,13,1,0,0,-11750,113,45,1,0,0,100,39785,-11650
155,13,1,0,0,-11750,115,45,1,0,0,100,39821,-11650
157,13,1,0,0,-11750,117,45,1,0,0,100,39856,-11650
157,13,1,0,0,-11750,117,45,4,0,0,100,39892,-11650
159,13,1,0,0,-11750,119,45,1,0,0,100,39928,-11650
161,13,1,0,0,-11750,121,45,1,0,0,100,39963,-11650
163,13,1,0,0,-11750,123,45,1,0,0,100,39999,-11650
165,13,1,0,0,-11750,123,45,1,1,0,-99900,42999,-111650
